INFO: 2025-06-30 04:59:52,602: main() 'Using profile folder /home/pd0rk1n/.config/variety/'
INFO: 2025-06-30 04:59:52,605: perform_upgrade() 'Last run version was 0.8.13 or earlier, current version is 0.8.13'
INFO: 2025-06-30 04:59:52,608: process_command() 'Received command: []'
INFO: 2025-06-30 04:59:52,610: start() 'Using data_path /usr/share/variety'
INFO: 2025-06-30 04:59:52,610: load() 'Jumble loading'
INFO: 2025-06-30 04:59:52,610: _walk_modules() 'Jumble loading module in __init__ from /usr/lib/python3.13/site-packages/variety/plugins/builtin/__init__.py'
INFO: 2025-06-30 04:59:52,611: _walk_modules() 'Jumble loading module in FortuneSource from /usr/lib/python3.13/site-packages/variety/plugins/builtin/quotes/FortuneSource.py'
INFO: 2025-06-30 04:59:52,611: load() 'Jumble found plugin class: <class 'FortuneSource.FortuneSource'>: {'name': 'UNIX fortune program', 'description': 'Displays quotes using the UNIX fortune program. You may want to install additional fortune packs, e.g. fortunes-bofh-excuses.', 'author': 'Dan Jones', 'version': '0.1'}'
INFO: 2025-06-30 04:59:52,611: _walk_modules() 'Jumble loading module in __init__ from /usr/lib/python3.13/site-packages/variety/plugins/builtin/quotes/__init__.py'
INFO: 2025-06-30 04:59:52,612: _walk_modules() 'Jumble loading module in GoodreadsSource from /usr/lib/python3.13/site-packages/variety/plugins/builtin/quotes/GoodreadsSource.py'
INFO: 2025-06-30 04:59:52,652: load() 'Jumble found plugin class: <class 'GoodreadsSource.GoodreadsSource'>: {'name': 'Goodreads', 'description': 'Fetches quotes from Goodreads.com', 'author': 'Peter Levi', 'version': '0.1'}'
INFO: 2025-06-30 04:59:52,652: _walk_modules() 'Jumble loading module in QuotationsPageSource from /usr/lib/python3.13/site-packages/variety/plugins/builtin/quotes/QuotationsPageSource.py'
INFO: 2025-06-30 04:59:52,652: load() 'Jumble found plugin class: <class 'QuotationsPageSource.QuotationsPageSource'>: {'name': 'TheQuotationsPage.com', 'description': 'Fetches quotes from TheQuotationsPage.com', 'author': 'Peter Levi', 'version': '0.1'}'
INFO: 2025-06-30 04:59:52,652: _walk_modules() 'Jumble loading module in LocalFilesSource from /usr/lib/python3.13/site-packages/variety/plugins/builtin/quotes/LocalFilesSource.py'
INFO: 2025-06-30 04:59:52,653: load() 'Jumble found plugin class: <class 'LocalFilesSource.LocalFilesSource'>: {'name': 'Local text files', 'description': 'Displays quotes, defined in local text files.\nPut your own txt files in: ~/.config/variety/pluginconfig/quotes/.\nThe file format is:\n\nquote -- author\n.\nsecond quote -- another author\n.\netc...\n\nExample: http://rvelthuis.de/zips/quotes.txt', 'author': 'Peter Levi', 'version': '0.1'}'
INFO: 2025-06-30 04:59:52,653: _walk_modules() 'Jumble loading module in UrbanDictionarySource from /usr/lib/python3.13/site-packages/variety/plugins/builtin/quotes/UrbanDictionarySource.py'
INFO: 2025-06-30 04:59:52,653: load() 'Jumble found plugin class: <class 'UrbanDictionarySource.UrbanDictionarySource'>: {'name': 'Urban Dictionary', 'description': 'Displays definitions from Urban Dictionary', 'author': 'James Miller', 'version': '0.1'}'
INFO: 2025-06-30 04:59:52,653: _walk_modules() 'Jumble loading module in UnsplashDownloader from /usr/lib/python3.13/site-packages/variety/plugins/builtin/downloaders/UnsplashDownloader.py'
INFO: 2025-06-30 04:59:52,654: load() 'Jumble found plugin class: <class 'UnsplashDownloader.UnsplashDownloader'>: {'name': 'UnsplashDownloader', 'description': 'High-resolution photos from Unsplash.com', 'author': 'Peter Levi', 'version': '0.1'}'
INFO: 2025-06-30 04:59:52,654: _walk_modules() 'Jumble loading module in APODDownloader from /usr/lib/python3.13/site-packages/variety/plugins/builtin/downloaders/APODDownloader.py'
INFO: 2025-06-30 04:59:52,654: load() 'Jumble found plugin class: <class 'APODDownloader.APODDownloader'>: {'name': 'APODDownloader', 'description': 'NASA Astro Pic of the Day', 'author': 'Peter Levi', 'version': '0.1'}'
INFO: 2025-06-30 04:59:52,655: _walk_modules() 'Jumble loading module in RedditSource from /usr/lib/python3.13/site-packages/variety/plugins/builtin/downloaders/RedditSource.py'
INFO: 2025-06-30 04:59:52,656: load() 'Jumble found plugin class: <class 'RedditSource.RedditSource'>: {'name': 'RedditSource', 'description': 'Configurable source for fetching images from Reddit', 'author': 'Peter Levi', 'version': '0.1'}'
INFO: 2025-06-30 04:59:52,656: _walk_modules() 'Jumble loading module in WallhavenDownloader from /usr/lib/python3.13/site-packages/variety/plugins/builtin/downloaders/WallhavenDownloader.py'
INFO: 2025-06-30 04:59:52,657: _walk_modules() 'Jumble loading module in UnsplashConfigurableSource from /usr/lib/python3.13/site-packages/variety/plugins/builtin/downloaders/UnsplashConfigurableSource.py'
INFO: 2025-06-30 04:59:52,658: load() 'Jumble found plugin class: <class 'UnsplashConfigurableSource.UnsplashConfigurableSource'>: {'name': 'UnsplashConfigurableSource', 'description': 'Configurable source for fetching photos from Unsplash.com', 'author': 'Peter Levi', 'version': '0.1'}'
INFO: 2025-06-30 04:59:52,658: _walk_modules() 'Jumble loading module in BingDownloader from /usr/lib/python3.13/site-packages/variety/plugins/builtin/downloaders/BingDownloader.py'
INFO: 2025-06-30 04:59:52,658: load() 'Jumble found plugin class: <class 'BingDownloader.BingDownloader'>: {'name': 'BingDownloader', 'description': 'Bing Photo of the Day', 'author': 'Peter Levi', 'version': '0.1'}'
INFO: 2025-06-30 04:59:52,658: _walk_modules() 'Jumble loading module in EarthviewDownloader from /usr/lib/python3.13/site-packages/variety/plugins/builtin/downloaders/EarthviewDownloader.py'
INFO: 2025-06-30 04:59:52,659: load() 'Jumble found plugin class: <class 'EarthviewDownloader.EarthviewDownloader'>: {'name': 'EarthviewDownloader', 'description': 'Google Earth View Wallpapers', 'author': 'Peter Levi', 'version': '0.1'}'
INFO: 2025-06-30 04:59:52,659: _walk_modules() 'Jumble loading module in WallhavenSource from /usr/lib/python3.13/site-packages/variety/plugins/builtin/downloaders/WallhavenSource.py'
INFO: 2025-06-30 04:59:52,660: load() 'Jumble found plugin class: <class 'WallhavenSource.WallhavenSource'>: {'name': 'WallhavenSource', 'description': 'Configurable source for fetching images from Wallhaven.cc', 'author': 'Peter Levi', 'version': '0.1'}'
INFO: 2025-06-30 04:59:52,660: _walk_modules() 'Jumble loading module in __init__ from /usr/lib/python3.13/site-packages/variety/plugins/builtin/downloaders/__init__.py'
INFO: 2025-06-30 04:59:52,660: _walk_modules() 'Jumble loading module in MediaRSSSource from /usr/lib/python3.13/site-packages/variety/plugins/builtin/downloaders/MediaRSSSource.py'
INFO: 2025-06-30 04:59:52,661: load() 'Jumble found plugin class: <class 'MediaRSSSource.MediaRSSSource'>: {'name': 'MediaRSSSource', 'description': 'Configurable source for fetching images from MediaRSS feeds', 'author': 'Peter Levi', 'version': '0.1'}'
INFO: 2025-06-30 04:59:52,661: _walk_modules() 'Jumble loading module in RedditDownloader from /usr/lib/python3.13/site-packages/variety/plugins/builtin/downloaders/RedditDownloader.py'
INFO: 2025-06-30 04:59:52,661: _walk_modules() 'Jumble loading module in MediaRSSDownloader from /usr/lib/python3.13/site-packages/variety/plugins/builtin/downloaders/MediaRSSDownloader.py'
INFO: 2025-06-30 04:59:52,662: _walk_modules() 'Jumble loading module in WallhavenLegacyDownloader from /usr/lib/python3.13/site-packages/variety/plugins/builtin/downloaders/WallhavenLegacyDownloader.py'
INFO: 2025-06-30 04:59:52,662: _walk_modules() 'Jumble loading module in ArtStationDownloader from /usr/lib/python3.13/site-packages/variety/plugins/builtin/downloaders/ArtStationDownloader.py'
INFO: 2025-06-30 04:59:52,663: _walk_modules() 'Jumble loading module in ArtStationSource from /usr/lib/python3.13/site-packages/variety/plugins/builtin/downloaders/ArtStationSource.py'
INFO: 2025-06-30 04:59:52,663: load() 'Jumble found plugin class: <class 'ArtStationSource.ArtStationSource'>: {'name': 'ArtStationSource', 'description': 'Configurable source for fetching images from ArtStation', 'author': 'Denis Gordeev', 'version': '0.1'}'
INFO: 2025-06-30 04:59:52,664: _walk_modules() 'Jumble loading module in NationalGeographicDownloader from /usr/lib/python3.13/site-packages/variety/plugins/builtin/downloaders/NationalGeographicDownloader.py'
INFO: 2025-06-30 04:59:52,664: load() 'Jumble found plugin class: <class 'NationalGeographicDownloader.NationalGeographicDownloader'>: {'name': 'NationalGeographicDownloader', 'description': "National Geographic's photo of the day", 'author': 'Eric Rösch', 'version': '0.1'}'
INFO: 2025-06-30 04:59:52,664: _walk_modules() 'Jumble loading module in __init__ from /usr/lib/python3.13/site-packages/variety/plugins/builtin/display_modes/__init__.py'
INFO: 2025-06-30 04:59:52,665: _walk_modules() 'Jumble loading module in GnomeDisplayModesPlugin from /usr/lib/python3.13/site-packages/variety/plugins/builtin/display_modes/GnomeDisplayModesPlugin.py'
INFO: 2025-06-30 04:59:52,665: load() 'Jumble found plugin class: <class 'GnomeDisplayModesPlugin.GnomeDisplayModesPlugin'>: {'name': 'GnomeDisplayModesPlugin', 'description': 'Display modes relying on the underlying desktop environment', 'version': '1.0', 'author': 'Peter Levi'}'
INFO: 2025-06-30 04:59:52,665: _walk_modules() 'Jumble loading module in LegacyDisplayModesPlugin from /usr/lib/python3.13/site-packages/variety/plugins/builtin/display_modes/LegacyDisplayModesPlugin.py'
INFO: 2025-06-30 04:59:52,665: load() 'Jumble found plugin class: <class 'LegacyDisplayModesPlugin.LegacyDisplayModesPlugin'>: {'name': 'LegacyDisplayModesPlugin', 'description': 'Legacy display mode for compatibility with past Variety versions', 'version': '1.0', 'author': 'Peter Levi'}'
INFO: 2025-06-30 04:59:52,665: _walk_modules() 'Jumble loading module in ResizingDisplayModesPlugin from /usr/lib/python3.13/site-packages/variety/plugins/builtin/display_modes/ResizingDisplayModesPlugin.py'
INFO: 2025-06-30 04:59:52,666: load() 'Jumble found plugin class: <class 'ResizingDisplayModesPlugin.ResizingDisplayModesPlugin'>: {'name': 'ResizingDisplayModesPlugin', 'description': 'Display modes that use image resizing within Variety', 'version': '1.0', 'author': 'Peter Levi'}'
INFO: 2025-06-30 04:59:52,681: reload_config() 'Creating new downloader for type wallhaven, location space'
INFO: 2025-06-30 04:59:52,681: reload_config() 'Creating new downloader for type wallhaven, location minimal'
INFO: 2025-06-30 04:59:52,681: reload_config() 'Creating new downloader for type wallhaven, location scifi'
INFO: 2025-06-30 04:59:52,681: reload_config() 'Creating new downloader for type wallhaven, location simple'
INFO: 2025-06-30 04:59:52,681: reload_config() 'Creating new downloader for type wallhaven, location abstract'
INFO: 2025-06-30 04:59:52,683: log_options() 'Loaded options:'
INFO: 2025-06-30 04:59:52,683: log_options() 'change_enabled = True'
INFO: 2025-06-30 04:59:52,683: log_options() 'change_interval = 600'
INFO: 2025-06-30 04:59:52,683: log_options() 'change_on_start = True'
INFO: 2025-06-30 04:59:52,683: log_options() 'clipboard_enabled = False'
INFO: 2025-06-30 04:59:52,683: log_options() 'clipboard_hosts = ['wallhaven.cc', 'wallpapers.net', 'flickr.com', 'imgur.com', 'deviantart.com', 'interfacelift.com', 'vladstudio.com', 'imageshack.us', 'deviantart.net', 'imageshack.com']'
INFO: 2025-06-30 04:59:52,683: log_options() 'clipboard_use_whitelist = True'
INFO: 2025-06-30 04:59:52,683: log_options() 'clock_date_font = Serif 30'
INFO: 2025-06-30 04:59:52,683: log_options() 'clock_enabled = True'
INFO: 2025-06-30 04:59:52,683: log_options() 'clock_filter = -density 100 -font `fc-match -f '%{file[0]}' '%CLOCK_FONT_NAME'` -pointsize %CLOCK_FONT_SIZE -gravity SouthEast -fill '#00000044' -annotate 0x0+[%HOFFSET+58]+[%VOFFSET+108] '%H:%M' -fill white -annotate 0x0+[%HOFFSET+60]+[%VOFFSET+110] '%H:%M' -font `fc-match -f '%{file[0]}' '%DATE_FONT_NAME'` -pointsize %DATE_FONT_SIZE -fill '#00000044' -annotate 0x0+[%HOFFSET+58]+[%VOFFSET+58] '%A, %B %d' -fill white -annotate 0x0+[%HOFFSET+60]+[%VOFFSET+60] '%A, %B %d''
INFO: 2025-06-30 04:59:52,683: log_options() 'clock_font = Serif 70'
INFO: 2025-06-30 04:59:52,683: log_options() 'configfile = /home/pd0rk1n/.config/variety/variety.conf'
INFO: 2025-06-30 04:59:52,683: log_options() 'copyto_enabled = False'
INFO: 2025-06-30 04:59:52,683: log_options() 'copyto_folder = Default'
INFO: 2025-06-30 04:59:52,683: log_options() 'desired_color = [160, 160, 160]'
INFO: 2025-06-30 04:59:52,683: log_options() 'desired_color_enabled = False'
INFO: 2025-06-30 04:59:52,683: log_options() 'download_folder = /home/pd0rk1n/.config/variety/Downloaded'
INFO: 2025-06-30 04:59:52,683: log_options() 'download_preference_ratio = 0.9'
INFO: 2025-06-30 04:59:52,683: log_options() 'favorites_folder = /home/pd0rk1n/.config/variety/Favorites'
INFO: 2025-06-30 04:59:52,683: log_options() 'favorites_operations = [['Downloaded', 'Copy'], ['Fetched', 'Move'], ['Others', 'Copy']]'
INFO: 2025-06-30 04:59:52,683: log_options() 'fetched_folder = /home/pd0rk1n/.config/variety/Fetched'
INFO: 2025-06-30 04:59:52,683: log_options() 'filters = [[False, 'Keep original', ''], [False, 'Grayscale', '-type Grayscale'], [False, 'Heavy blur', '-scale 20% -blur 0x10 -resize 500%'], [False, 'Soft blur', '-scale 20% -blur 0x2 -resize 500%'], [False, 'Oil painting', '-paint 8'], [False, 'Pointilism', '-spread 10 -noise 3'], [False, 'Pixellate', '-scale 3% -scale 3333%']]'
INFO: 2025-06-30 04:59:52,683: log_options() 'get_wallpaper_script = /home/pd0rk1n/.config/variety/scripts/get_wallpaper_arco'
INFO: 2025-06-30 04:59:52,683: log_options() 'icon = Light'
INFO: 2025-06-30 04:59:52,683: log_options() 'internet_enabled = True'
INFO: 2025-06-30 04:59:52,683: log_options() 'lightness_enabled = False'
INFO: 2025-06-30 04:59:52,683: log_options() 'lightness_mode = 0'
INFO: 2025-06-30 04:59:52,683: log_options() 'min_rating = 4'
INFO: 2025-06-30 04:59:52,683: log_options() 'min_rating_enabled = False'
INFO: 2025-06-30 04:59:52,683: log_options() 'min_size = 80'
INFO: 2025-06-30 04:59:52,684: log_options() 'min_size_enabled = True'
INFO: 2025-06-30 04:59:52,684: log_options() 'name_regex = .*'
INFO: 2025-06-30 04:59:52,684: log_options() 'name_regex_enabled = False'
INFO: 2025-06-30 04:59:52,684: log_options() 'quota_enabled = True'
INFO: 2025-06-30 04:59:52,684: log_options() 'quota_size = 1000'
INFO: 2025-06-30 04:59:52,684: log_options() 'quotes_authors = '
INFO: 2025-06-30 04:59:52,684: log_options() 'quotes_bg_color = [80, 80, 80]'
INFO: 2025-06-30 04:59:52,684: log_options() 'quotes_bg_opacity = 55'
INFO: 2025-06-30 04:59:52,684: log_options() 'quotes_change_enabled = False'
INFO: 2025-06-30 04:59:52,684: log_options() 'quotes_change_interval = 300'
INFO: 2025-06-30 04:59:52,684: log_options() 'quotes_disabled_sources = ['Urban Dictionary']'
INFO: 2025-06-30 04:59:52,684: log_options() 'quotes_enabled = False'
INFO: 2025-06-30 04:59:52,684: log_options() 'quotes_favorites_file = /home/pd0rk1n/.config/variety/favorite_quotes.txt'
INFO: 2025-06-30 04:59:52,684: log_options() 'quotes_font = Serif 30'
INFO: 2025-06-30 04:59:52,684: log_options() 'quotes_hpos = 100'
INFO: 2025-06-30 04:59:52,684: log_options() 'quotes_max_length = 250'
INFO: 2025-06-30 04:59:52,684: log_options() 'quotes_tags = '
INFO: 2025-06-30 04:59:52,684: log_options() 'quotes_text_color = [255, 255, 255]'
INFO: 2025-06-30 04:59:52,684: log_options() 'quotes_text_shadow = False'
INFO: 2025-06-30 04:59:52,684: log_options() 'quotes_vpos = 40'
INFO: 2025-06-30 04:59:52,684: log_options() 'quotes_width = 70'
INFO: 2025-06-30 04:59:52,684: log_options() 'safe_mode = False'
INFO: 2025-06-30 04:59:52,684: log_options() 'set_wallpaper_script = /home/pd0rk1n/.config/variety/scripts/set_wallpaper_arco'
INFO: 2025-06-30 04:59:52,684: log_options() 'slideshow_custom_enabled = False'
INFO: 2025-06-30 04:59:52,684: log_options() 'slideshow_custom_folder = /home/pd0rk1n/Pictures'
INFO: 2025-06-30 04:59:52,684: log_options() 'slideshow_downloads_enabled = False'
INFO: 2025-06-30 04:59:52,684: log_options() 'slideshow_fade = 0.4'
INFO: 2025-06-30 04:59:52,684: log_options() 'slideshow_favorites_enabled = True'
INFO: 2025-06-30 04:59:52,684: log_options() 'slideshow_mode = Fullscreen'
INFO: 2025-06-30 04:59:52,684: log_options() 'slideshow_monitor = All'
INFO: 2025-06-30 04:59:52,684: log_options() 'slideshow_pan = 0.05'
INFO: 2025-06-30 04:59:52,684: log_options() 'slideshow_seconds = 6.0'
INFO: 2025-06-30 04:59:52,684: log_options() 'slideshow_sort_order = Random'
INFO: 2025-06-30 04:59:52,684: log_options() 'slideshow_sources_enabled = True'
INFO: 2025-06-30 04:59:52,684: log_options() 'slideshow_zoom = 0.2'
INFO: 2025-06-30 04:59:52,684: log_options() 'smart_enabled = False'
INFO: 2025-06-30 04:59:52,684: log_options() 'smart_notice_shown = False'
INFO: 2025-06-30 04:59:52,684: log_options() 'smart_register_shown = False'
INFO: 2025-06-30 04:59:52,685: log_options() 'sources = [[True, 'favorites', 'The Favorites folder'], [False, 'fetched', 'The Fetched folder'], [False, 'folder', '/usr/share/backgrounds'], [False, 'flickr', 'user:www.flickr.com/photos/peter-levi/;user_id:93647178@N00;'], [False, 'apod', "NASA's Astronomy Picture of the Day"], [False, 'bing', 'Bing Photo of the Day'], [False, 'earthview', 'Google Earth View Wallpapers'], [False, 'natgeo', "National Geographic's photo of the day"], [False, 'unsplash', 'High-resolution photos from Unsplash.com'], [True, 'wallhaven', 'space'], [True, 'wallhaven', 'minimal'], [True, 'wallhaven', 'scifi'], [True, 'wallhaven', 'simple'], [True, 'wallhaven', 'abstract'], [True, 'folder', '/home/erik/Templates/wallpapers/wallhaven']]'
INFO: 2025-06-30 04:59:52,685: log_options() 'stats_enabled = True'
INFO: 2025-06-30 04:59:52,685: log_options() 'stats_notice_shown = False'
INFO: 2025-06-30 04:59:52,685: log_options() 'sync_enabled = True'
INFO: 2025-06-30 04:59:52,685: log_options() 'use_landscape_enabled = True'
INFO: 2025-06-30 04:59:52,685: log_options() 'wallhaven_api_key = '
INFO: 2025-06-30 04:59:52,685: log_options() 'wallpaper_auto_rotate = True'
INFO: 2025-06-30 04:59:52,685: log_options() 'wallpaper_display_mode = os'
INFO: 2025-06-30 04:59:52,685: reload_config() 'No need to clear prepared queue'
INFO: 2025-06-30 04:59:52,685: clock_thread_method() 'clock thread running'
INFO: 2025-06-30 04:59:52,685: update_indicator() 'Setting file info to: /home/pd0rk1n/.config/variety/Downloaded/wallhaven_abstract/wallhaven-3lxdy3.jpg'
INFO: 2025-06-30 04:59:52,686: load_banned() 'Missing or invalid banned URLs list, no URLs will be banned'
INFO: 2025-06-30 04:59:52,686: load_last_change_time() 'Change interval < 6 hours, ignore persisted last_change_time, wait initially the whole interval: 600'
INFO: 2025-06-30 04:59:52,686: update_indicator() 'Setting file info to: /home/pd0rk1n/.config/variety/Downloaded/wallhaven_abstract/wallhaven-3lxdy3.jpg'
INFO: 2025-06-30 04:59:52,687: regular_change_thread() 'regular_change thread running'
INFO: 2025-06-30 04:59:52,688: prepare_thread() 'Prepare thread running'
INFO: 2025-06-30 04:59:52,688: prepare_thread() 'Prepared buffer contains 0 images'
INFO: 2025-06-30 04:59:52,688: prepare_thread() 'Preparing some images'
INFO: 2025-06-30 04:59:52,692: update_indicator_icon() 'Creating indicator'
WARNING: 2025-06-30 04:59:52,704: create_menu() 'Variety Slideshow is not installed. This is an optional extension adding pan-and-zoom slideshows to Variety: see https://github.com/peterlevi/variety-slideshow for details'
INFO: 2025-06-30 04:59:52,705: create_indicator() 'indicator backend: AppIndicator3'
INFO: 2025-06-30 04:59:52,743: set_from_theme_icon() 'Showing indicator icon variety-indicator from GTK theme'
INFO: 2025-06-30 04:59:52,778: prepare_thread() 'After search prepared buffer contains 84 images'
INFO: 2025-06-30 04:59:52,787: do_set_wp() 'Calling do_set_wp with /home/pd0rk1n/.config/variety/Downloaded/wallhaven_abstract/wallhaven-3lxdy3.jpg, time: 1751273992.787313'
INFO: 2025-06-30 04:59:52,788: apply_auto_rotate() 'ImageMagick auto-rotate cmd: convert /home/pd0rk1n/.config/variety/Downloaded/wallhaven_abstract/wallhaven-3lxdy3.jpg -auto-orient /home/pd0rk1n/.config/variety/wallpaper/wallpaper-auto-rotated-3e9323fde664119fa74c256e61a1c821.jpg'
INFO: 2025-06-30 04:59:52,983: compute_trimmed_offsets() 'Trimmed offsets debug info: w:1920, h:1080, ratio:1.777778, iw:3840, ih:2400, scw:1920, sch:1200, ho:0, vo:60'
INFO: 2025-06-30 04:59:52,984: build_imagemagick_clock_cmd() 'Applying clock filter: -density 100 -font `fc-match -f '%{file[0]}' 'Serif:70'` -pointsize 70 -gravity SouthEast -fill '#00000044' -annotate 0x0+58+168 '04:59' -fill white -annotate 0x0+60+170 '04:59' -font `fc-match -f '%{file[0]}' 'Serif:30'` -pointsize 30 -fill '#00000044' -annotate 0x0+58+118 'Monday, June 30' -fill white -annotate 0x0+60+120 'Monday, June 30''
INFO: 2025-06-30 04:59:52,984: build_imagemagick_clock_cmd() 'ImageMagick clock cmd: convert /home/pd0rk1n/.config/variety/wallpaper/wallpaper-auto-rotated-3e9323fde664119fa74c256e61a1c821.jpg -scale 1920x1080^ -density 100 -font `fc-match -f '%{file[0]}' 'Serif:70'` -pointsize 70 -gravity SouthEast -fill '#00000044' -annotate 0x0+58+168 '04:59' -fill white -annotate 0x0+60+170 '04:59' -font `fc-match -f '%{file[0]}' 'Serif:30'` -pointsize 30 -fill '#00000044' -annotate 0x0+58+118 'Monday, June 30' -fill white -annotate 0x0+60+120 'Monday, June 30' /home/pd0rk1n/.config/variety/wallpaper/wallpaper-clock-251292ea9c2a1bf39902ef0b5ed227fd.jpg'
INFO: 2025-06-30 04:59:53,312: update_indicator() 'Setting file info to: /home/pd0rk1n/.config/variety/Downloaded/wallhaven_abstract/wallhaven-3lxdy3.jpg'
INFO: 2025-06-30 04:59:53,313: list_files() 'More than 1 files in the folders, stop listing'
INFO: 2025-06-30 04:59:53,685: clock_thread_method() 'clock_thread updates wallpaper'
INFO: 2025-06-30 04:59:53,787: do_set_wp() 'Calling do_set_wp with /home/pd0rk1n/.config/variety/Downloaded/wallhaven_abstract/wallhaven-3lxdy3.jpg, time: 1751273993.7875237'
INFO: 2025-06-30 04:59:54,174: reload() 'Reloading preferences dialog'
INFO: 2025-06-30 04:59:54,779: trigger_download() 'Triggering download thread to check if download needed and possible'
INFO: 2025-06-30 04:59:57,037: apply_auto_rotate() 'ImageMagick auto-rotate cmd: convert /home/pd0rk1n/.config/variety/Downloaded/wallhaven_abstract/wallhaven-3lxdy3.jpg -auto-orient /home/pd0rk1n/.config/variety/wallpaper/wallpaper-auto-rotated-b088f40f7ab14e903e2e93841f0cb798.jpg'
INFO: 2025-06-30 04:59:57,224: compute_trimmed_offsets() 'Trimmed offsets debug info: w:1920, h:1080, ratio:1.777778, iw:3840, ih:2400, scw:1920, sch:1200, ho:0, vo:60'
INFO: 2025-06-30 04:59:57,224: build_imagemagick_clock_cmd() 'Applying clock filter: -density 100 -font `fc-match -f '%{file[0]}' 'Serif:70'` -pointsize 70 -gravity SouthEast -fill '#00000044' -annotate 0x0+58+168 '04:59' -fill white -annotate 0x0+60+170 '04:59' -font `fc-match -f '%{file[0]}' 'Serif:30'` -pointsize 30 -fill '#00000044' -annotate 0x0+58+118 'Monday, June 30' -fill white -annotate 0x0+60+120 'Monday, June 30''
INFO: 2025-06-30 04:59:57,224: build_imagemagick_clock_cmd() 'ImageMagick clock cmd: convert /home/pd0rk1n/.config/variety/wallpaper/wallpaper-auto-rotated-b088f40f7ab14e903e2e93841f0cb798.jpg -scale 1920x1080^ -density 100 -font `fc-match -f '%{file[0]}' 'Serif:70'` -pointsize 70 -gravity SouthEast -fill '#00000044' -annotate 0x0+58+168 '04:59' -fill white -annotate 0x0+60+170 '04:59' -font `fc-match -f '%{file[0]}' 'Serif:30'` -pointsize 30 -fill '#00000044' -annotate 0x0+58+118 'Monday, June 30' -fill white -annotate 0x0+60+120 'Monday, June 30' /home/pd0rk1n/.config/variety/wallpaper/wallpaper-clock-fb6a63169e5eca2fae66693276b44e14.jpg'
INFO: 2025-06-30 04:59:57,551: update_indicator() 'Setting file info to: /home/pd0rk1n/.config/variety/Downloaded/wallhaven_abstract/wallhaven-3lxdy3.jpg'
INFO: 2025-06-30 04:59:57,552: list_files() 'More than 1 files in the folders, stop listing'
INFO: 2025-06-30 04:59:57,688: set_wallpaper() 'Calling set_wallpaper with /home/pd0rk1n/.config/variety/Downloaded/wallhaven_scifi/wallhaven-48l8q1.jpg'
INFO: 2025-06-30 04:59:57,688: prepare_thread() 'Prepared buffer contains 84 images'
INFO: 2025-06-30 04:59:57,689: do_set_wp() 'Calling do_set_wp with /home/pd0rk1n/.config/variety/Downloaded/wallhaven_scifi/wallhaven-48l8q1.jpg, time: 1751273997.6893852'
INFO: 2025-06-30 04:59:59,689: trigger_download() 'Triggering download thread to check if download needed and possible'
INFO: 2025-06-30 04:59:59,689: trigger_download() 'Triggering download thread to check if download needed and possible'
INFO: 2025-06-30 04:59:59,689: get_throttling() 'Wallhaven.cc: parsing serverside options'
INFO: 2025-06-30 04:59:59,689: get_throttling() 'Could not parse Wallhaven.cc serverside options, using defaults 360, 40'
INFO: 2025-06-30 04:59:59,689: get_throttling() 'Wallhaven.cc: parsing serverside options'
INFO: 2025-06-30 04:59:59,689: get_throttling() 'Could not parse Wallhaven.cc serverside options, using defaults 360, 40'
INFO: 2025-06-30 04:59:59,689: download_one() 'Wallhaven.cc: Downloading an image, config: scifi'
INFO: 2025-06-30 04:59:59,689: download_one() 'Wallhaven.cc: Queue size: 0'
INFO: 2025-06-30 04:59:59,689: get_throttling() 'Wallhaven.cc: parsing serverside options'
INFO: 2025-06-30 04:59:59,689: get_throttling() 'Could not parse Wallhaven.cc serverside options, using defaults 360, 40'
INFO: 2025-06-30 04:59:59,689: download_one() 'Wallhaven.cc: Filling queue'
INFO: 2025-06-30 04:59:59,689: search() 'Performing wallhaven search: url=https://wallhaven.cc/api/v1/search?q=scifi&categories=111&purity=100&sorting=favorites&order=desc'
INFO: 2025-06-30 05:00:00,017: fill_queue() '13019 wallpapers in result, using page 40'
INFO: 2025-06-30 05:00:00,018: search() 'Performing wallhaven search: url=https://wallhaven.cc/api/v1/search?q=scifi&categories=111&purity=100&sorting=favorites&order=desc&page=40'
INFO: 2025-06-30 05:00:00,196: download_one() 'Wallhaven.cc: Queue populated with 12 URLs'
INFO: 2025-06-30 05:00:00,196: download_queue_item() 'Wallpaper URL: https://wallhaven.cc/w/4vmwqm'
INFO: 2025-06-30 05:00:00,196: download_queue_item() 'Image src URL: https://w.wallhaven.cc/full/4v/wallhaven-4vmwqm.jpg'
INFO: 2025-06-30 05:00:00,355: save_locally() 'Origin URL: https://wallhaven.cc/w/4vmwqm'
INFO: 2025-06-30 05:00:00,355: save_locally() 'Image URL: https://w.wallhaven.cc/full/4v/wallhaven-4vmwqm.jpg'
INFO: 2025-06-30 05:00:00,355: save_locally() 'Local path: /home/pd0rk1n/.config/variety/Downloaded/wallhaven_scifi/wallhaven-4vmwqm.jpg'
INFO: 2025-06-30 05:00:00,613: save_locally() 'Download complete'
INFO: 2025-06-30 05:00:00,613: update_indicator() 'Setting file info to: /home/pd0rk1n/.config/variety/Downloaded/wallhaven_abstract/wallhaven-3lxdy3.jpg'
INFO: 2025-06-30 05:00:00,615: list_files() 'More than 1 files in the folders, stop listing'
INFO: 2025-06-30 05:00:00,615: download_one_from() 'Adding downloaded file /home/pd0rk1n/.config/variety/Downloaded/wallhaven_scifi/wallhaven-4vmwqm.jpg to unseen_downloads'
INFO: 2025-06-30 05:00:00,686: clock_thread_method() 'clock_thread updates wallpaper'
INFO: 2025-06-30 05:00:00,687: do_set_wp() 'Calling do_set_wp with /home/pd0rk1n/.config/variety/Downloaded/wallhaven_abstract/wallhaven-3lxdy3.jpg, time: 1751274000.6871097'
INFO: 2025-06-30 05:00:01,272: apply_auto_rotate() 'ImageMagick auto-rotate cmd: convert /home/pd0rk1n/.config/variety/Downloaded/wallhaven_scifi/wallhaven-48l8q1.jpg -auto-orient /home/pd0rk1n/.config/variety/wallpaper/wallpaper-auto-rotated-4af704a92583c36e400c984184370a76.jpg'
INFO: 2025-06-30 05:00:01,386: compute_trimmed_offsets() 'Trimmed offsets debug info: w:1920, h:1080, ratio:1.777778, iw:2560, ih:1440, scw:1920, sch:1080, ho:0, vo:0'
INFO: 2025-06-30 05:00:01,386: build_imagemagick_clock_cmd() 'Applying clock filter: -density 100 -font `fc-match -f '%{file[0]}' 'Serif:70'` -pointsize 70 -gravity SouthEast -fill '#00000044' -annotate 0x0+58+108 '05:00' -fill white -annotate 0x0+60+110 '05:00' -font `fc-match -f '%{file[0]}' 'Serif:30'` -pointsize 30 -fill '#00000044' -annotate 0x0+58+58 'Monday, June 30' -fill white -annotate 0x0+60+60 'Monday, June 30''
INFO: 2025-06-30 05:00:01,386: build_imagemagick_clock_cmd() 'ImageMagick clock cmd: convert /home/pd0rk1n/.config/variety/wallpaper/wallpaper-auto-rotated-4af704a92583c36e400c984184370a76.jpg -scale 1920x1080^ -density 100 -font `fc-match -f '%{file[0]}' 'Serif:70'` -pointsize 70 -gravity SouthEast -fill '#00000044' -annotate 0x0+58+108 '05:00' -fill white -annotate 0x0+60+110 '05:00' -font `fc-match -f '%{file[0]}' 'Serif:30'` -pointsize 30 -fill '#00000044' -annotate 0x0+58+58 'Monday, June 30' -fill white -annotate 0x0+60+60 'Monday, June 30' /home/pd0rk1n/.config/variety/wallpaper/wallpaper-clock-b2e17f73f739f197a845ce035e8bdcc7.jpg'
INFO: 2025-06-30 05:00:01,649: update_indicator() 'Setting file info to: /home/pd0rk1n/.config/variety/Downloaded/wallhaven_scifi/wallhaven-48l8q1.jpg'
INFO: 2025-06-30 05:00:01,650: list_files() 'More than 1 files in the folders, stop listing'
INFO: 2025-06-30 05:00:05,370: apply_auto_rotate() 'ImageMagick auto-rotate cmd: convert /home/pd0rk1n/.config/variety/Downloaded/wallhaven_abstract/wallhaven-3lxdy3.jpg -auto-orient /home/pd0rk1n/.config/variety/wallpaper/wallpaper-auto-rotated-05f45e54bbf2b9075903e218d3a34180.jpg'
INFO: 2025-06-30 05:00:05,558: compute_trimmed_offsets() 'Trimmed offsets debug info: w:1920, h:1080, ratio:1.777778, iw:3840, ih:2400, scw:1920, sch:1200, ho:0, vo:60'
INFO: 2025-06-30 05:00:05,558: build_imagemagick_clock_cmd() 'Applying clock filter: -density 100 -font `fc-match -f '%{file[0]}' 'Serif:70'` -pointsize 70 -gravity SouthEast -fill '#00000044' -annotate 0x0+58+168 '05:00' -fill white -annotate 0x0+60+170 '05:00' -font `fc-match -f '%{file[0]}' 'Serif:30'` -pointsize 30 -fill '#00000044' -annotate 0x0+58+118 'Monday, June 30' -fill white -annotate 0x0+60+120 'Monday, June 30''
INFO: 2025-06-30 05:00:05,558: build_imagemagick_clock_cmd() 'ImageMagick clock cmd: convert /home/pd0rk1n/.config/variety/wallpaper/wallpaper-auto-rotated-05f45e54bbf2b9075903e218d3a34180.jpg -scale 1920x1080^ -density 100 -font `fc-match -f '%{file[0]}' 'Serif:70'` -pointsize 70 -gravity SouthEast -fill '#00000044' -annotate 0x0+58+168 '05:00' -fill white -annotate 0x0+60+170 '05:00' -font `fc-match -f '%{file[0]}' 'Serif:30'` -pointsize 30 -fill '#00000044' -annotate 0x0+58+118 'Monday, June 30' -fill white -annotate 0x0+60+120 'Monday, June 30' /home/pd0rk1n/.config/variety/wallpaper/wallpaper-clock-e2b441b84ee94ee1e094861aafd4c339.jpg'
INFO: 2025-06-30 05:00:05,886: update_indicator() 'Setting file info to: /home/pd0rk1n/.config/variety/Downloaded/wallhaven_abstract/wallhaven-3lxdy3.jpg'
INFO: 2025-06-30 05:00:05,887: list_files() 'More than 1 files in the folders, stop listing'
INFO: 2025-06-30 05:00:07,490: do_set_wp() 'Calling do_set_wp with /home/pd0rk1n/.config/variety/Downloaded/wallhaven_abstract/wallhaven-3lxdy3.jpg, time: 1751274007.4908679'
INFO: 2025-06-30 05:00:09,607: apply_auto_rotate() 'ImageMagick auto-rotate cmd: convert /home/pd0rk1n/.config/variety/Downloaded/wallhaven_abstract/wallhaven-3lxdy3.jpg -auto-orient /home/pd0rk1n/.config/variety/wallpaper/wallpaper-auto-rotated-ef67367cd689439fae763f816d383744.jpg'
INFO: 2025-06-30 05:00:09,793: compute_trimmed_offsets() 'Trimmed offsets debug info: w:1920, h:1080, ratio:1.777778, iw:3840, ih:2400, scw:1920, sch:1200, ho:0, vo:60'
INFO: 2025-06-30 05:00:09,793: build_imagemagick_clock_cmd() 'Applying clock filter: -density 100 -font `fc-match -f '%{file[0]}' 'Serif:70'` -pointsize 70 -gravity SouthEast -fill '#00000044' -annotate 0x0+58+168 '05:00' -fill white -annotate 0x0+60+170 '05:00' -font `fc-match -f '%{file[0]}' 'Serif:30'` -pointsize 30 -fill '#00000044' -annotate 0x0+58+118 'Monday, June 30' -fill white -annotate 0x0+60+120 'Monday, June 30''
INFO: 2025-06-30 05:00:09,793: build_imagemagick_clock_cmd() 'ImageMagick clock cmd: convert /home/pd0rk1n/.config/variety/wallpaper/wallpaper-auto-rotated-ef67367cd689439fae763f816d383744.jpg -scale 1920x1080^ -density 100 -font `fc-match -f '%{file[0]}' 'Serif:70'` -pointsize 70 -gravity SouthEast -fill '#00000044' -annotate 0x0+58+168 '05:00' -fill white -annotate 0x0+60+170 '05:00' -font `fc-match -f '%{file[0]}' 'Serif:30'` -pointsize 30 -fill '#00000044' -annotate 0x0+58+118 'Monday, June 30' -fill white -annotate 0x0+60+120 'Monday, June 30' /home/pd0rk1n/.config/variety/wallpaper/wallpaper-clock-ed5e91bbd85dd1cdcaf25c2f6ba69251.jpg'
INFO: 2025-06-30 05:00:10,121: update_indicator() 'Setting file info to: /home/pd0rk1n/.config/variety/Downloaded/wallhaven_abstract/wallhaven-3lxdy3.jpg'
INFO: 2025-06-30 05:00:10,122: list_files() 'More than 1 files in the folders, stop listing'
INFO: 2025-06-30 05:00:12,689: server_options_thread() 'Fetching server options from https://gist.githubusercontent.com/peterlevi/a7d1dbf3a4e76e15760a/raw/fab10d0ce5cfe66377e7c650be56edb497aabbd4/variety_server_options.json'
INFO: 2025-06-30 05:00:12,914: server_options_thread() 'Fetched server options: {'flickr': {'min_fill_queue_interval': 1200, 'min_download_interval': 1200}, 'wallbase': {'min_fill_queue_interval': 1800, 'min_download_interval': 1800}, 'wallhaven': {'min_fill_queue_interval': 1800, 'min_download_interval': 1800}, 'wallpapers.net': {'min_fill_queue_interval': 601, 'min_download_interval': 0}, 'unsplash': {'min_fill_queue_interval': 20000000000, 'min_download_interval': 20000000000}, 'unsplash_v2': {'min_fill_queue_interval': 3600, 'min_download_interval': 1800}, 'status_message': {'0.0.1': '', '*': ''}}'
INFO: 2025-06-30 05:00:13,447: move_or_copy_file() 'Copied /home/pd0rk1n/.config/variety/Downloaded/wallhaven_abstract/wallhaven-3lxdy3.jpg to /home/pd0rk1n/.config/variety/Favorites'
INFO: 2025-06-30 05:00:13,447: update_indicator() 'Setting file info to: /home/pd0rk1n/.config/variety/Downloaded/wallhaven_abstract/wallhaven-3lxdy3.jpg'
INFO: 2025-06-30 05:00:13,448: list_files() 'More than 1 files in the folders, stop listing'
INFO: 2025-06-30 05:01:00,695: clock_thread_method() 'clock_thread updates wallpaper'
INFO: 2025-06-30 05:01:00,695: do_set_wp() 'Calling do_set_wp with /home/pd0rk1n/.config/variety/Downloaded/wallhaven_abstract/wallhaven-3lxdy3.jpg, time: 1751274060.695578'
INFO: 2025-06-30 05:01:00,695: apply_auto_rotate() 'ImageMagick auto-rotate cmd: convert /home/pd0rk1n/.config/variety/Downloaded/wallhaven_abstract/wallhaven-3lxdy3.jpg -auto-orient /home/pd0rk1n/.config/variety/wallpaper/wallpaper-auto-rotated-a02c985aa8b8cbf287429aab0c9210ce.jpg'
INFO: 2025-06-30 05:01:00,882: compute_trimmed_offsets() 'Trimmed offsets debug info: w:1920, h:1080, ratio:1.777778, iw:3840, ih:2400, scw:1920, sch:1200, ho:0, vo:60'
INFO: 2025-06-30 05:01:00,882: build_imagemagick_clock_cmd() 'Applying clock filter: -density 100 -font `fc-match -f '%{file[0]}' 'Serif:70'` -pointsize 70 -gravity SouthEast -fill '#00000044' -annotate 0x0+58+168 '05:01' -fill white -annotate 0x0+60+170 '05:01' -font `fc-match -f '%{file[0]}' 'Serif:30'` -pointsize 30 -fill '#00000044' -annotate 0x0+58+118 'Monday, June 30' -fill white -annotate 0x0+60+120 'Monday, June 30''
INFO: 2025-06-30 05:01:00,882: build_imagemagick_clock_cmd() 'ImageMagick clock cmd: convert /home/pd0rk1n/.config/variety/wallpaper/wallpaper-auto-rotated-a02c985aa8b8cbf287429aab0c9210ce.jpg -scale 1920x1080^ -density 100 -font `fc-match -f '%{file[0]}' 'Serif:70'` -pointsize 70 -gravity SouthEast -fill '#00000044' -annotate 0x0+58+168 '05:01' -fill white -annotate 0x0+60+170 '05:01' -font `fc-match -f '%{file[0]}' 'Serif:30'` -pointsize 30 -fill '#00000044' -annotate 0x0+58+118 'Monday, June 30' -fill white -annotate 0x0+60+120 'Monday, June 30' /home/pd0rk1n/.config/variety/wallpaper/wallpaper-clock-dc8533ca25aa89e70f4bac5f4a57b4f8.jpg'
INFO: 2025-06-30 05:01:01,211: update_indicator() 'Setting file info to: /home/pd0rk1n/.config/variety/Downloaded/wallhaven_abstract/wallhaven-3lxdy3.jpg'
INFO: 2025-06-30 05:01:01,212: list_files() 'More than 1 files in the folders, stop listing'
INFO: 2025-06-30 05:02:00,705: clock_thread_method() 'clock_thread updates wallpaper'
INFO: 2025-06-30 05:02:00,705: do_set_wp() 'Calling do_set_wp with /home/pd0rk1n/.config/variety/Downloaded/wallhaven_abstract/wallhaven-3lxdy3.jpg, time: 1751274120.705625'
INFO: 2025-06-30 05:02:00,705: apply_auto_rotate() 'ImageMagick auto-rotate cmd: convert /home/pd0rk1n/.config/variety/Downloaded/wallhaven_abstract/wallhaven-3lxdy3.jpg -auto-orient /home/pd0rk1n/.config/variety/wallpaper/wallpaper-auto-rotated-d0ddecf3f884e3a82e4184abc2910880.jpg'
INFO: 2025-06-30 05:02:00,893: compute_trimmed_offsets() 'Trimmed offsets debug info: w:1920, h:1080, ratio:1.777778, iw:3840, ih:2400, scw:1920, sch:1200, ho:0, vo:60'
INFO: 2025-06-30 05:02:00,893: build_imagemagick_clock_cmd() 'Applying clock filter: -density 100 -font `fc-match -f '%{file[0]}' 'Serif:70'` -pointsize 70 -gravity SouthEast -fill '#00000044' -annotate 0x0+58+168 '05:02' -fill white -annotate 0x0+60+170 '05:02' -font `fc-match -f '%{file[0]}' 'Serif:30'` -pointsize 30 -fill '#00000044' -annotate 0x0+58+118 'Monday, June 30' -fill white -annotate 0x0+60+120 'Monday, June 30''
INFO: 2025-06-30 05:02:00,893: build_imagemagick_clock_cmd() 'ImageMagick clock cmd: convert /home/pd0rk1n/.config/variety/wallpaper/wallpaper-auto-rotated-d0ddecf3f884e3a82e4184abc2910880.jpg -scale 1920x1080^ -density 100 -font `fc-match -f '%{file[0]}' 'Serif:70'` -pointsize 70 -gravity SouthEast -fill '#00000044' -annotate 0x0+58+168 '05:02' -fill white -annotate 0x0+60+170 '05:02' -font `fc-match -f '%{file[0]}' 'Serif:30'` -pointsize 30 -fill '#00000044' -annotate 0x0+58+118 'Monday, June 30' -fill white -annotate 0x0+60+120 'Monday, June 30' /home/pd0rk1n/.config/variety/wallpaper/wallpaper-clock-ea86bf91e9839a63d2e7e282a292d661.jpg'
INFO: 2025-06-30 05:02:01,220: update_indicator() 'Setting file info to: /home/pd0rk1n/.config/variety/Downloaded/wallhaven_abstract/wallhaven-3lxdy3.jpg'
INFO: 2025-06-30 05:02:01,221: list_files() 'More than 1 files in the folders, stop listing'
INFO: 2025-06-30 05:03:00,715: clock_thread_method() 'clock_thread updates wallpaper'
INFO: 2025-06-30 05:03:00,715: do_set_wp() 'Calling do_set_wp with /home/pd0rk1n/.config/variety/Downloaded/wallhaven_abstract/wallhaven-3lxdy3.jpg, time: 1751274180.7153113'
INFO: 2025-06-30 05:03:00,715: apply_auto_rotate() 'ImageMagick auto-rotate cmd: convert /home/pd0rk1n/.config/variety/Downloaded/wallhaven_abstract/wallhaven-3lxdy3.jpg -auto-orient /home/pd0rk1n/.config/variety/wallpaper/wallpaper-auto-rotated-31f8ca85b52ecbf04aaa6608bf62b274.jpg'
INFO: 2025-06-30 05:03:00,902: compute_trimmed_offsets() 'Trimmed offsets debug info: w:1920, h:1080, ratio:1.777778, iw:3840, ih:2400, scw:1920, sch:1200, ho:0, vo:60'
INFO: 2025-06-30 05:03:00,902: build_imagemagick_clock_cmd() 'Applying clock filter: -density 100 -font `fc-match -f '%{file[0]}' 'Serif:70'` -pointsize 70 -gravity SouthEast -fill '#00000044' -annotate 0x0+58+168 '05:03' -fill white -annotate 0x0+60+170 '05:03' -font `fc-match -f '%{file[0]}' 'Serif:30'` -pointsize 30 -fill '#00000044' -annotate 0x0+58+118 'Monday, June 30' -fill white -annotate 0x0+60+120 'Monday, June 30''
INFO: 2025-06-30 05:03:00,902: build_imagemagick_clock_cmd() 'ImageMagick clock cmd: convert /home/pd0rk1n/.config/variety/wallpaper/wallpaper-auto-rotated-31f8ca85b52ecbf04aaa6608bf62b274.jpg -scale 1920x1080^ -density 100 -font `fc-match -f '%{file[0]}' 'Serif:70'` -pointsize 70 -gravity SouthEast -fill '#00000044' -annotate 0x0+58+168 '05:03' -fill white -annotate 0x0+60+170 '05:03' -font `fc-match -f '%{file[0]}' 'Serif:30'` -pointsize 30 -fill '#00000044' -annotate 0x0+58+118 'Monday, June 30' -fill white -annotate 0x0+60+120 'Monday, June 30' /home/pd0rk1n/.config/variety/wallpaper/wallpaper-clock-64342835fef256565b81d5a9d57a7310.jpg'
INFO: 2025-06-30 05:03:01,230: update_indicator() 'Setting file info to: /home/pd0rk1n/.config/variety/Downloaded/wallhaven_abstract/wallhaven-3lxdy3.jpg'
INFO: 2025-06-30 05:03:01,231: list_files() 'More than 1 files in the folders, stop listing'
INFO: 2025-06-30 05:04:00,724: clock_thread_method() 'clock_thread updates wallpaper'
INFO: 2025-06-30 05:04:00,725: do_set_wp() 'Calling do_set_wp with /home/pd0rk1n/.config/variety/Downloaded/wallhaven_abstract/wallhaven-3lxdy3.jpg, time: 1751274240.725005'
INFO: 2025-06-30 05:04:00,725: apply_auto_rotate() 'ImageMagick auto-rotate cmd: convert /home/pd0rk1n/.config/variety/Downloaded/wallhaven_abstract/wallhaven-3lxdy3.jpg -auto-orient /home/pd0rk1n/.config/variety/wallpaper/wallpaper-auto-rotated-43d734dcfe408914b915467194542a3e.jpg'
INFO: 2025-06-30 05:04:00,911: compute_trimmed_offsets() 'Trimmed offsets debug info: w:1920, h:1080, ratio:1.777778, iw:3840, ih:2400, scw:1920, sch:1200, ho:0, vo:60'
INFO: 2025-06-30 05:04:00,911: build_imagemagick_clock_cmd() 'Applying clock filter: -density 100 -font `fc-match -f '%{file[0]}' 'Serif:70'` -pointsize 70 -gravity SouthEast -fill '#00000044' -annotate 0x0+58+168 '05:04' -fill white -annotate 0x0+60+170 '05:04' -font `fc-match -f '%{file[0]}' 'Serif:30'` -pointsize 30 -fill '#00000044' -annotate 0x0+58+118 'Monday, June 30' -fill white -annotate 0x0+60+120 'Monday, June 30''
INFO: 2025-06-30 05:04:00,912: build_imagemagick_clock_cmd() 'ImageMagick clock cmd: convert /home/pd0rk1n/.config/variety/wallpaper/wallpaper-auto-rotated-43d734dcfe408914b915467194542a3e.jpg -scale 1920x1080^ -density 100 -font `fc-match -f '%{file[0]}' 'Serif:70'` -pointsize 70 -gravity SouthEast -fill '#00000044' -annotate 0x0+58+168 '05:04' -fill white -annotate 0x0+60+170 '05:04' -font `fc-match -f '%{file[0]}' 'Serif:30'` -pointsize 30 -fill '#00000044' -annotate 0x0+58+118 'Monday, June 30' -fill white -annotate 0x0+60+120 'Monday, June 30' /home/pd0rk1n/.config/variety/wallpaper/wallpaper-clock-2e5d427a6dd93e4d3a1762fd58a7f2ed.jpg'
INFO: 2025-06-30 05:04:01,240: update_indicator() 'Setting file info to: /home/pd0rk1n/.config/variety/Downloaded/wallhaven_abstract/wallhaven-3lxdy3.jpg'
INFO: 2025-06-30 05:04:01,241: list_files() 'More than 1 files in the folders, stop listing'
INFO: 2025-06-30 05:05:00,734: clock_thread_method() 'clock_thread updates wallpaper'
INFO: 2025-06-30 05:05:00,734: do_set_wp() 'Calling do_set_wp with /home/pd0rk1n/.config/variety/Downloaded/wallhaven_abstract/wallhaven-3lxdy3.jpg, time: 1751274300.7348447'
INFO: 2025-06-30 05:05:00,735: apply_auto_rotate() 'ImageMagick auto-rotate cmd: convert /home/pd0rk1n/.config/variety/Downloaded/wallhaven_abstract/wallhaven-3lxdy3.jpg -auto-orient /home/pd0rk1n/.config/variety/wallpaper/wallpaper-auto-rotated-28f65b2ca06439525724a495bd8593a8.jpg'
INFO: 2025-06-30 05:05:00,921: compute_trimmed_offsets() 'Trimmed offsets debug info: w:1920, h:1080, ratio:1.777778, iw:3840, ih:2400, scw:1920, sch:1200, ho:0, vo:60'
INFO: 2025-06-30 05:05:00,921: build_imagemagick_clock_cmd() 'Applying clock filter: -density 100 -font `fc-match -f '%{file[0]}' 'Serif:70'` -pointsize 70 -gravity SouthEast -fill '#00000044' -annotate 0x0+58+168 '05:05' -fill white -annotate 0x0+60+170 '05:05' -font `fc-match -f '%{file[0]}' 'Serif:30'` -pointsize 30 -fill '#00000044' -annotate 0x0+58+118 'Monday, June 30' -fill white -annotate 0x0+60+120 'Monday, June 30''
INFO: 2025-06-30 05:05:00,921: build_imagemagick_clock_cmd() 'ImageMagick clock cmd: convert /home/pd0rk1n/.config/variety/wallpaper/wallpaper-auto-rotated-28f65b2ca06439525724a495bd8593a8.jpg -scale 1920x1080^ -density 100 -font `fc-match -f '%{file[0]}' 'Serif:70'` -pointsize 70 -gravity SouthEast -fill '#00000044' -annotate 0x0+58+168 '05:05' -fill white -annotate 0x0+60+170 '05:05' -font `fc-match -f '%{file[0]}' 'Serif:30'` -pointsize 30 -fill '#00000044' -annotate 0x0+58+118 'Monday, June 30' -fill white -annotate 0x0+60+120 'Monday, June 30' /home/pd0rk1n/.config/variety/wallpaper/wallpaper-clock-268a8edb403d7043c07520585ed08008.jpg'
INFO: 2025-06-30 05:05:01,250: update_indicator() 'Setting file info to: /home/pd0rk1n/.config/variety/Downloaded/wallhaven_abstract/wallhaven-3lxdy3.jpg'
INFO: 2025-06-30 05:05:01,251: list_files() 'More than 1 files in the folders, stop listing'
INFO: 2025-06-30 05:06:00,744: clock_thread_method() 'clock_thread updates wallpaper'
INFO: 2025-06-30 05:06:00,744: do_set_wp() 'Calling do_set_wp with /home/pd0rk1n/.config/variety/Downloaded/wallhaven_abstract/wallhaven-3lxdy3.jpg, time: 1751274360.7446597'
INFO: 2025-06-30 05:06:00,744: apply_auto_rotate() 'ImageMagick auto-rotate cmd: convert /home/pd0rk1n/.config/variety/Downloaded/wallhaven_abstract/wallhaven-3lxdy3.jpg -auto-orient /home/pd0rk1n/.config/variety/wallpaper/wallpaper-auto-rotated-e610191deaaac0b81cd87bc5e3e86d14.jpg'
INFO: 2025-06-30 05:06:00,931: compute_trimmed_offsets() 'Trimmed offsets debug info: w:1920, h:1080, ratio:1.777778, iw:3840, ih:2400, scw:1920, sch:1200, ho:0, vo:60'
INFO: 2025-06-30 05:06:00,931: build_imagemagick_clock_cmd() 'Applying clock filter: -density 100 -font `fc-match -f '%{file[0]}' 'Serif:70'` -pointsize 70 -gravity SouthEast -fill '#00000044' -annotate 0x0+58+168 '05:06' -fill white -annotate 0x0+60+170 '05:06' -font `fc-match -f '%{file[0]}' 'Serif:30'` -pointsize 30 -fill '#00000044' -annotate 0x0+58+118 'Monday, June 30' -fill white -annotate 0x0+60+120 'Monday, June 30''
INFO: 2025-06-30 05:06:00,931: build_imagemagick_clock_cmd() 'ImageMagick clock cmd: convert /home/pd0rk1n/.config/variety/wallpaper/wallpaper-auto-rotated-e610191deaaac0b81cd87bc5e3e86d14.jpg -scale 1920x1080^ -density 100 -font `fc-match -f '%{file[0]}' 'Serif:70'` -pointsize 70 -gravity SouthEast -fill '#00000044' -annotate 0x0+58+168 '05:06' -fill white -annotate 0x0+60+170 '05:06' -font `fc-match -f '%{file[0]}' 'Serif:30'` -pointsize 30 -fill '#00000044' -annotate 0x0+58+118 'Monday, June 30' -fill white -annotate 0x0+60+120 'Monday, June 30' /home/pd0rk1n/.config/variety/wallpaper/wallpaper-clock-8db17e561f20a32bf5ed07aa84297851.jpg'
INFO: 2025-06-30 05:06:01,258: update_indicator() 'Setting file info to: /home/pd0rk1n/.config/variety/Downloaded/wallhaven_abstract/wallhaven-3lxdy3.jpg'
INFO: 2025-06-30 05:06:01,259: list_files() 'More than 1 files in the folders, stop listing'
INFO: 2025-06-30 05:07:00,753: clock_thread_method() 'clock_thread updates wallpaper'
INFO: 2025-06-30 05:07:00,754: do_set_wp() 'Calling do_set_wp with /home/pd0rk1n/.config/variety/Downloaded/wallhaven_abstract/wallhaven-3lxdy3.jpg, time: 1751274420.7542646'
INFO: 2025-06-30 05:07:00,754: apply_auto_rotate() 'ImageMagick auto-rotate cmd: convert /home/pd0rk1n/.config/variety/Downloaded/wallhaven_abstract/wallhaven-3lxdy3.jpg -auto-orient /home/pd0rk1n/.config/variety/wallpaper/wallpaper-auto-rotated-5ac83eda1efc021469c3fd0c9b0e91dd.jpg'
INFO: 2025-06-30 05:07:00,940: compute_trimmed_offsets() 'Trimmed offsets debug info: w:1920, h:1080, ratio:1.777778, iw:3840, ih:2400, scw:1920, sch:1200, ho:0, vo:60'
INFO: 2025-06-30 05:07:00,940: build_imagemagick_clock_cmd() 'Applying clock filter: -density 100 -font `fc-match -f '%{file[0]}' 'Serif:70'` -pointsize 70 -gravity SouthEast -fill '#00000044' -annotate 0x0+58+168 '05:07' -fill white -annotate 0x0+60+170 '05:07' -font `fc-match -f '%{file[0]}' 'Serif:30'` -pointsize 30 -fill '#00000044' -annotate 0x0+58+118 'Monday, June 30' -fill white -annotate 0x0+60+120 'Monday, June 30''
INFO: 2025-06-30 05:07:00,940: build_imagemagick_clock_cmd() 'ImageMagick clock cmd: convert /home/pd0rk1n/.config/variety/wallpaper/wallpaper-auto-rotated-5ac83eda1efc021469c3fd0c9b0e91dd.jpg -scale 1920x1080^ -density 100 -font `fc-match -f '%{file[0]}' 'Serif:70'` -pointsize 70 -gravity SouthEast -fill '#00000044' -annotate 0x0+58+168 '05:07' -fill white -annotate 0x0+60+170 '05:07' -font `fc-match -f '%{file[0]}' 'Serif:30'` -pointsize 30 -fill '#00000044' -annotate 0x0+58+118 'Monday, June 30' -fill white -annotate 0x0+60+120 'Monday, June 30' /home/pd0rk1n/.config/variety/wallpaper/wallpaper-clock-f108733a55bb5add0ba138822b6ee13b.jpg'
INFO: 2025-06-30 05:07:01,268: update_indicator() 'Setting file info to: /home/pd0rk1n/.config/variety/Downloaded/wallhaven_abstract/wallhaven-3lxdy3.jpg'
INFO: 2025-06-30 05:07:01,269: list_files() 'More than 1 files in the folders, stop listing'
INFO: 2025-06-30 05:08:00,763: clock_thread_method() 'clock_thread updates wallpaper'
INFO: 2025-06-30 05:08:00,764: do_set_wp() 'Calling do_set_wp with /home/pd0rk1n/.config/variety/Downloaded/wallhaven_abstract/wallhaven-3lxdy3.jpg, time: 1751274480.764064'
INFO: 2025-06-30 05:08:00,764: apply_auto_rotate() 'ImageMagick auto-rotate cmd: convert /home/pd0rk1n/.config/variety/Downloaded/wallhaven_abstract/wallhaven-3lxdy3.jpg -auto-orient /home/pd0rk1n/.config/variety/wallpaper/wallpaper-auto-rotated-5ee1fe1f6d6c73f630d6c41a87d9e478.jpg'
INFO: 2025-06-30 05:08:00,950: compute_trimmed_offsets() 'Trimmed offsets debug info: w:1920, h:1080, ratio:1.777778, iw:3840, ih:2400, scw:1920, sch:1200, ho:0, vo:60'
INFO: 2025-06-30 05:08:00,950: build_imagemagick_clock_cmd() 'Applying clock filter: -density 100 -font `fc-match -f '%{file[0]}' 'Serif:70'` -pointsize 70 -gravity SouthEast -fill '#00000044' -annotate 0x0+58+168 '05:08' -fill white -annotate 0x0+60+170 '05:08' -font `fc-match -f '%{file[0]}' 'Serif:30'` -pointsize 30 -fill '#00000044' -annotate 0x0+58+118 'Monday, June 30' -fill white -annotate 0x0+60+120 'Monday, June 30''
INFO: 2025-06-30 05:08:00,950: build_imagemagick_clock_cmd() 'ImageMagick clock cmd: convert /home/pd0rk1n/.config/variety/wallpaper/wallpaper-auto-rotated-5ee1fe1f6d6c73f630d6c41a87d9e478.jpg -scale 1920x1080^ -density 100 -font `fc-match -f '%{file[0]}' 'Serif:70'` -pointsize 70 -gravity SouthEast -fill '#00000044' -annotate 0x0+58+168 '05:08' -fill white -annotate 0x0+60+170 '05:08' -font `fc-match -f '%{file[0]}' 'Serif:30'` -pointsize 30 -fill '#00000044' -annotate 0x0+58+118 'Monday, June 30' -fill white -annotate 0x0+60+120 'Monday, June 30' /home/pd0rk1n/.config/variety/wallpaper/wallpaper-clock-9877369157cc9ce361bb36034efc6bcf.jpg'
INFO: 2025-06-30 05:08:01,278: update_indicator() 'Setting file info to: /home/pd0rk1n/.config/variety/Downloaded/wallhaven_abstract/wallhaven-3lxdy3.jpg'
INFO: 2025-06-30 05:08:01,280: list_files() 'More than 1 files in the folders, stop listing'
INFO: 2025-06-30 05:09:00,773: clock_thread_method() 'clock_thread updates wallpaper'
INFO: 2025-06-30 05:09:00,773: do_set_wp() 'Calling do_set_wp with /home/pd0rk1n/.config/variety/Downloaded/wallhaven_abstract/wallhaven-3lxdy3.jpg, time: 1751274540.7737362'
INFO: 2025-06-30 05:09:00,773: apply_auto_rotate() 'ImageMagick auto-rotate cmd: convert /home/pd0rk1n/.config/variety/Downloaded/wallhaven_abstract/wallhaven-3lxdy3.jpg -auto-orient /home/pd0rk1n/.config/variety/wallpaper/wallpaper-auto-rotated-73ad282adc137e7f417a8906b62044ba.jpg'
INFO: 2025-06-30 05:09:00,960: compute_trimmed_offsets() 'Trimmed offsets debug info: w:1920, h:1080, ratio:1.777778, iw:3840, ih:2400, scw:1920, sch:1200, ho:0, vo:60'
INFO: 2025-06-30 05:09:00,960: build_imagemagick_clock_cmd() 'Applying clock filter: -density 100 -font `fc-match -f '%{file[0]}' 'Serif:70'` -pointsize 70 -gravity SouthEast -fill '#00000044' -annotate 0x0+58+168 '05:09' -fill white -annotate 0x0+60+170 '05:09' -font `fc-match -f '%{file[0]}' 'Serif:30'` -pointsize 30 -fill '#00000044' -annotate 0x0+58+118 'Monday, June 30' -fill white -annotate 0x0+60+120 'Monday, June 30''
INFO: 2025-06-30 05:09:00,960: build_imagemagick_clock_cmd() 'ImageMagick clock cmd: convert /home/pd0rk1n/.config/variety/wallpaper/wallpaper-auto-rotated-73ad282adc137e7f417a8906b62044ba.jpg -scale 1920x1080^ -density 100 -font `fc-match -f '%{file[0]}' 'Serif:70'` -pointsize 70 -gravity SouthEast -fill '#00000044' -annotate 0x0+58+168 '05:09' -fill white -annotate 0x0+60+170 '05:09' -font `fc-match -f '%{file[0]}' 'Serif:30'` -pointsize 30 -fill '#00000044' -annotate 0x0+58+118 'Monday, June 30' -fill white -annotate 0x0+60+120 'Monday, June 30' /home/pd0rk1n/.config/variety/wallpaper/wallpaper-clock-f65fc45c8520a99dfd108cc707e9c5b8.jpg'
INFO: 2025-06-30 05:09:01,287: update_indicator() 'Setting file info to: /home/pd0rk1n/.config/variety/Downloaded/wallhaven_abstract/wallhaven-3lxdy3.jpg'
INFO: 2025-06-30 05:09:01,288: list_files() 'More than 1 files in the folders, stop listing'
INFO: 2025-06-30 05:10:00,782: clock_thread_method() 'clock_thread updates wallpaper'
INFO: 2025-06-30 05:10:00,783: do_set_wp() 'Calling do_set_wp with /home/pd0rk1n/.config/variety/Downloaded/wallhaven_abstract/wallhaven-3lxdy3.jpg, time: 1751274600.7831705'
INFO: 2025-06-30 05:10:00,783: apply_auto_rotate() 'ImageMagick auto-rotate cmd: convert /home/pd0rk1n/.config/variety/Downloaded/wallhaven_abstract/wallhaven-3lxdy3.jpg -auto-orient /home/pd0rk1n/.config/variety/wallpaper/wallpaper-auto-rotated-3504e8e284b8377d1f8b0163ce04f438.jpg'
INFO: 2025-06-30 05:10:00,969: compute_trimmed_offsets() 'Trimmed offsets debug info: w:1920, h:1080, ratio:1.777778, iw:3840, ih:2400, scw:1920, sch:1200, ho:0, vo:60'
INFO: 2025-06-30 05:10:00,969: build_imagemagick_clock_cmd() 'Applying clock filter: -density 100 -font `fc-match -f '%{file[0]}' 'Serif:70'` -pointsize 70 -gravity SouthEast -fill '#00000044' -annotate 0x0+58+168 '05:10' -fill white -annotate 0x0+60+170 '05:10' -font `fc-match -f '%{file[0]}' 'Serif:30'` -pointsize 30 -fill '#00000044' -annotate 0x0+58+118 'Monday, June 30' -fill white -annotate 0x0+60+120 'Monday, June 30''
INFO: 2025-06-30 05:10:00,969: build_imagemagick_clock_cmd() 'ImageMagick clock cmd: convert /home/pd0rk1n/.config/variety/wallpaper/wallpaper-auto-rotated-3504e8e284b8377d1f8b0163ce04f438.jpg -scale 1920x1080^ -density 100 -font `fc-match -f '%{file[0]}' 'Serif:70'` -pointsize 70 -gravity SouthEast -fill '#00000044' -annotate 0x0+58+168 '05:10' -fill white -annotate 0x0+60+170 '05:10' -font `fc-match -f '%{file[0]}' 'Serif:30'` -pointsize 30 -fill '#00000044' -annotate 0x0+58+118 'Monday, June 30' -fill white -annotate 0x0+60+120 'Monday, June 30' /home/pd0rk1n/.config/variety/wallpaper/wallpaper-clock-78efda78a945c49530e420ef74fc79ba.jpg'
INFO: 2025-06-30 05:10:01,297: update_indicator() 'Setting file info to: /home/pd0rk1n/.config/variety/Downloaded/wallhaven_abstract/wallhaven-3lxdy3.jpg'
INFO: 2025-06-30 05:10:01,298: list_files() 'More than 1 files in the folders, stop listing'
INFO: 2025-06-30 05:10:13,843: regular_change_thread() 'regular_change changes wallpaper'
INFO: 2025-06-30 05:10:13,843: set_wallpaper() 'Calling set_wallpaper with /home/pd0rk1n/.config/variety/Downloaded/wallhaven_minimal/wallhaven-jxvwvy.jpg'
INFO: 2025-06-30 05:10:13,843: prepare_thread() 'Prepared buffer contains 84 images'
INFO: 2025-06-30 05:10:13,844: do_set_wp() 'Calling do_set_wp with /home/pd0rk1n/.config/variety/Downloaded/wallhaven_minimal/wallhaven-jxvwvy.jpg, time: 1751274613.844881'
INFO: 2025-06-30 05:10:13,845: apply_auto_rotate() 'ImageMagick auto-rotate cmd: convert /home/pd0rk1n/.config/variety/Downloaded/wallhaven_minimal/wallhaven-jxvwvy.jpg -auto-orient /home/pd0rk1n/.config/variety/wallpaper/wallpaper-auto-rotated-4454fe6faca9749ba46666ce64a495e4.jpg'
INFO: 2025-06-30 05:10:14,008: compute_trimmed_offsets() 'Trimmed offsets debug info: w:1920, h:1080, ratio:1.777778, iw:2500, ih:1533, scw:1920, sch:1177, ho:0, vo:48'
INFO: 2025-06-30 05:10:14,008: build_imagemagick_clock_cmd() 'Applying clock filter: -density 100 -font `fc-match -f '%{file[0]}' 'Serif:70'` -pointsize 70 -gravity SouthEast -fill '#00000044' -annotate 0x0+58+156 '05:10' -fill white -annotate 0x0+60+158 '05:10' -font `fc-match -f '%{file[0]}' 'Serif:30'` -pointsize 30 -fill '#00000044' -annotate 0x0+58+106 'Monday, June 30' -fill white -annotate 0x0+60+108 'Monday, June 30''
INFO: 2025-06-30 05:10:14,008: build_imagemagick_clock_cmd() 'ImageMagick clock cmd: convert /home/pd0rk1n/.config/variety/wallpaper/wallpaper-auto-rotated-4454fe6faca9749ba46666ce64a495e4.jpg -scale 1920x1080^ -density 100 -font `fc-match -f '%{file[0]}' 'Serif:70'` -pointsize 70 -gravity SouthEast -fill '#00000044' -annotate 0x0+58+156 '05:10' -fill white -annotate 0x0+60+158 '05:10' -font `fc-match -f '%{file[0]}' 'Serif:30'` -pointsize 30 -fill '#00000044' -annotate 0x0+58+106 'Monday, June 30' -fill white -annotate 0x0+60+108 'Monday, June 30' /home/pd0rk1n/.config/variety/wallpaper/wallpaper-clock-e9783b1358aa78d4c736f8d5c8b7e80f.jpg'
INFO: 2025-06-30 05:10:14,303: update_indicator() 'Setting file info to: /home/pd0rk1n/.config/variety/Downloaded/wallhaven_minimal/wallhaven-jxvwvy.jpg'
INFO: 2025-06-30 05:10:14,305: list_files() 'More than 1 files in the folders, stop listing'
INFO: 2025-06-30 05:10:15,844: trigger_download() 'Triggering download thread to check if download needed and possible'
INFO: 2025-06-30 05:10:15,844: trigger_download() 'Triggering download thread to check if download needed and possible'
INFO: 2025-06-30 05:10:15,844: get_throttling() 'Wallhaven.cc: parsing serverside options'
INFO: 2025-06-30 05:10:15,845: get_throttling() 'Wallhaven.cc serverside options: {'min_fill_queue_interval': 1800, 'min_download_interval': 1800}'
INFO: 2025-06-30 05:10:15,845: get_throttling() 'Wallhaven.cc: parsing serverside options'
INFO: 2025-06-30 05:10:15,845: get_throttling() 'Wallhaven.cc serverside options: {'min_fill_queue_interval': 1800, 'min_download_interval': 1800}'
INFO: 2025-06-30 05:10:15,845: download_one() 'Wallhaven.cc: Downloading an image, config: minimal'
INFO: 2025-06-30 05:10:15,845: download_one() 'Wallhaven.cc: Queue size: 0'
INFO: 2025-06-30 05:10:15,845: get_throttling() 'Wallhaven.cc: parsing serverside options'
INFO: 2025-06-30 05:10:15,845: get_throttling() 'Wallhaven.cc serverside options: {'min_fill_queue_interval': 1800, 'min_download_interval': 1800}'
INFO: 2025-06-30 05:10:15,845: download_one() 'Wallhaven.cc: Filling queue'
INFO: 2025-06-30 05:10:15,845: search() 'Performing wallhaven search: url=https://wallhaven.cc/api/v1/search?q=minimal&categories=111&purity=100&sorting=favorites&order=desc'
INFO: 2025-06-30 05:10:16,191: fill_queue() '22608 wallpapers in result, using page 4'
INFO: 2025-06-30 05:10:16,191: search() 'Performing wallhaven search: url=https://wallhaven.cc/api/v1/search?q=minimal&categories=111&purity=100&sorting=favorites&order=desc&page=4'
INFO: 2025-06-30 05:10:16,437: download_one() 'Wallhaven.cc: Queue populated with 12 URLs'
INFO: 2025-06-30 05:10:16,437: download_queue_item() 'Wallpaper URL: https://wallhaven.cc/w/gpvpxe'
INFO: 2025-06-30 05:10:16,437: download_queue_item() 'Image src URL: https://w.wallhaven.cc/full/gp/wallhaven-gpvpxe.png'
INFO: 2025-06-30 05:10:16,594: save_locally() 'Origin URL: https://wallhaven.cc/w/gpvpxe'
INFO: 2025-06-30 05:10:16,594: save_locally() 'Image URL: https://w.wallhaven.cc/full/gp/wallhaven-gpvpxe.png'
INFO: 2025-06-30 05:10:16,594: save_locally() 'Local path: /home/pd0rk1n/.config/variety/Downloaded/wallhaven_minimal/wallhaven-gpvpxe.png'
INFO: 2025-06-30 05:10:16,923: save_locally() 'Download complete'
INFO: 2025-06-30 05:10:16,923: update_indicator() 'Setting file info to: /home/pd0rk1n/.config/variety/Downloaded/wallhaven_abstract/wallhaven-3lxdy3.jpg'
INFO: 2025-06-30 05:10:16,924: list_files() 'More than 1 files in the folders, stop listing'
INFO: 2025-06-30 05:10:16,925: download_one_from() 'Adding downloaded file /home/pd0rk1n/.config/variety/Downloaded/wallhaven_minimal/wallhaven-gpvpxe.png to unseen_downloads'
INFO: 2025-06-30 05:11:00,792: clock_thread_method() 'clock_thread updates wallpaper'
INFO: 2025-06-30 05:11:00,792: do_set_wp() 'Calling do_set_wp with /home/pd0rk1n/.config/variety/Downloaded/wallhaven_minimal/wallhaven-jxvwvy.jpg, time: 1751274660.7924168'
INFO: 2025-06-30 05:11:00,792: apply_auto_rotate() 'ImageMagick auto-rotate cmd: convert /home/pd0rk1n/.config/variety/Downloaded/wallhaven_minimal/wallhaven-jxvwvy.jpg -auto-orient /home/pd0rk1n/.config/variety/wallpaper/wallpaper-auto-rotated-f0906dfd73b679ee7b14482f9ac1468b.jpg'
INFO: 2025-06-30 05:11:00,955: compute_trimmed_offsets() 'Trimmed offsets debug info: w:1920, h:1080, ratio:1.777778, iw:2500, ih:1533, scw:1920, sch:1177, ho:0, vo:48'
INFO: 2025-06-30 05:11:00,956: build_imagemagick_clock_cmd() 'Applying clock filter: -density 100 -font `fc-match -f '%{file[0]}' 'Serif:70'` -pointsize 70 -gravity SouthEast -fill '#00000044' -annotate 0x0+58+156 '05:11' -fill white -annotate 0x0+60+158 '05:11' -font `fc-match -f '%{file[0]}' 'Serif:30'` -pointsize 30 -fill '#00000044' -annotate 0x0+58+106 'Monday, June 30' -fill white -annotate 0x0+60+108 'Monday, June 30''
INFO: 2025-06-30 05:11:00,956: build_imagemagick_clock_cmd() 'ImageMagick clock cmd: convert /home/pd0rk1n/.config/variety/wallpaper/wallpaper-auto-rotated-f0906dfd73b679ee7b14482f9ac1468b.jpg -scale 1920x1080^ -density 100 -font `fc-match -f '%{file[0]}' 'Serif:70'` -pointsize 70 -gravity SouthEast -fill '#00000044' -annotate 0x0+58+156 '05:11' -fill white -annotate 0x0+60+158 '05:11' -font `fc-match -f '%{file[0]}' 'Serif:30'` -pointsize 30 -fill '#00000044' -annotate 0x0+58+106 'Monday, June 30' -fill white -annotate 0x0+60+108 'Monday, June 30' /home/pd0rk1n/.config/variety/wallpaper/wallpaper-clock-b3fd8f72709cdcfb73f41a2be9924349.jpg'
INFO: 2025-06-30 05:11:01,247: update_indicator() 'Setting file info to: /home/pd0rk1n/.config/variety/Downloaded/wallhaven_minimal/wallhaven-jxvwvy.jpg'
INFO: 2025-06-30 05:11:01,248: list_files() 'More than 1 files in the folders, stop listing'
INFO: 2025-06-30 05:12:00,800: clock_thread_method() 'clock_thread updates wallpaper'
INFO: 2025-06-30 05:12:00,800: do_set_wp() 'Calling do_set_wp with /home/pd0rk1n/.config/variety/Downloaded/wallhaven_minimal/wallhaven-jxvwvy.jpg, time: 1751274720.8009832'
INFO: 2025-06-30 05:12:00,801: apply_auto_rotate() 'ImageMagick auto-rotate cmd: convert /home/pd0rk1n/.config/variety/Downloaded/wallhaven_minimal/wallhaven-jxvwvy.jpg -auto-orient /home/pd0rk1n/.config/variety/wallpaper/wallpaper-auto-rotated-4392b0bb88b290242b91cba5f493aac2.jpg'
INFO: 2025-06-30 05:12:00,964: compute_trimmed_offsets() 'Trimmed offsets debug info: w:1920, h:1080, ratio:1.777778, iw:2500, ih:1533, scw:1920, sch:1177, ho:0, vo:48'
INFO: 2025-06-30 05:12:00,964: build_imagemagick_clock_cmd() 'Applying clock filter: -density 100 -font `fc-match -f '%{file[0]}' 'Serif:70'` -pointsize 70 -gravity SouthEast -fill '#00000044' -annotate 0x0+58+156 '05:12' -fill white -annotate 0x0+60+158 '05:12' -font `fc-match -f '%{file[0]}' 'Serif:30'` -pointsize 30 -fill '#00000044' -annotate 0x0+58+106 'Monday, June 30' -fill white -annotate 0x0+60+108 'Monday, June 30''
INFO: 2025-06-30 05:12:00,964: build_imagemagick_clock_cmd() 'ImageMagick clock cmd: convert /home/pd0rk1n/.config/variety/wallpaper/wallpaper-auto-rotated-4392b0bb88b290242b91cba5f493aac2.jpg -scale 1920x1080^ -density 100 -font `fc-match -f '%{file[0]}' 'Serif:70'` -pointsize 70 -gravity SouthEast -fill '#00000044' -annotate 0x0+58+156 '05:12' -fill white -annotate 0x0+60+158 '05:12' -font `fc-match -f '%{file[0]}' 'Serif:30'` -pointsize 30 -fill '#00000044' -annotate 0x0+58+106 'Monday, June 30' -fill white -annotate 0x0+60+108 'Monday, June 30' /home/pd0rk1n/.config/variety/wallpaper/wallpaper-clock-cb2fa8cd61aa6f81274273dd6a3a3e3a.jpg'
INFO: 2025-06-30 05:12:01,259: update_indicator() 'Setting file info to: /home/pd0rk1n/.config/variety/Downloaded/wallhaven_minimal/wallhaven-jxvwvy.jpg'
INFO: 2025-06-30 05:12:01,260: list_files() 'More than 1 files in the folders, stop listing'
INFO: 2025-06-30 05:13:00,810: clock_thread_method() 'clock_thread updates wallpaper'
INFO: 2025-06-30 05:13:00,810: do_set_wp() 'Calling do_set_wp with /home/pd0rk1n/.config/variety/Downloaded/wallhaven_minimal/wallhaven-jxvwvy.jpg, time: 1751274780.8107026'
INFO: 2025-06-30 05:13:00,810: apply_auto_rotate() 'ImageMagick auto-rotate cmd: convert /home/pd0rk1n/.config/variety/Downloaded/wallhaven_minimal/wallhaven-jxvwvy.jpg -auto-orient /home/pd0rk1n/.config/variety/wallpaper/wallpaper-auto-rotated-96c4d46b9b7d85a1f4b1af7d4ee068f9.jpg'
INFO: 2025-06-30 05:13:00,972: compute_trimmed_offsets() 'Trimmed offsets debug info: w:1920, h:1080, ratio:1.777778, iw:2500, ih:1533, scw:1920, sch:1177, ho:0, vo:48'
INFO: 2025-06-30 05:13:00,972: build_imagemagick_clock_cmd() 'Applying clock filter: -density 100 -font `fc-match -f '%{file[0]}' 'Serif:70'` -pointsize 70 -gravity SouthEast -fill '#00000044' -annotate 0x0+58+156 '05:13' -fill white -annotate 0x0+60+158 '05:13' -font `fc-match -f '%{file[0]}' 'Serif:30'` -pointsize 30 -fill '#00000044' -annotate 0x0+58+106 'Monday, June 30' -fill white -annotate 0x0+60+108 'Monday, June 30''
INFO: 2025-06-30 05:13:00,972: build_imagemagick_clock_cmd() 'ImageMagick clock cmd: convert /home/pd0rk1n/.config/variety/wallpaper/wallpaper-auto-rotated-96c4d46b9b7d85a1f4b1af7d4ee068f9.jpg -scale 1920x1080^ -density 100 -font `fc-match -f '%{file[0]}' 'Serif:70'` -pointsize 70 -gravity SouthEast -fill '#00000044' -annotate 0x0+58+156 '05:13' -fill white -annotate 0x0+60+158 '05:13' -font `fc-match -f '%{file[0]}' 'Serif:30'` -pointsize 30 -fill '#00000044' -annotate 0x0+58+106 'Monday, June 30' -fill white -annotate 0x0+60+108 'Monday, June 30' /home/pd0rk1n/.config/variety/wallpaper/wallpaper-clock-a1c723650d4617cc671f745bf22266c5.jpg'
INFO: 2025-06-30 05:13:01,266: update_indicator() 'Setting file info to: /home/pd0rk1n/.config/variety/Downloaded/wallhaven_minimal/wallhaven-jxvwvy.jpg'
INFO: 2025-06-30 05:13:01,267: list_files() 'More than 1 files in the folders, stop listing'
INFO: 2025-06-30 05:14:00,819: clock_thread_method() 'clock_thread updates wallpaper'
INFO: 2025-06-30 05:14:00,820: do_set_wp() 'Calling do_set_wp with /home/pd0rk1n/.config/variety/Downloaded/wallhaven_minimal/wallhaven-jxvwvy.jpg, time: 1751274840.8202705'
INFO: 2025-06-30 05:14:00,820: apply_auto_rotate() 'ImageMagick auto-rotate cmd: convert /home/pd0rk1n/.config/variety/Downloaded/wallhaven_minimal/wallhaven-jxvwvy.jpg -auto-orient /home/pd0rk1n/.config/variety/wallpaper/wallpaper-auto-rotated-f8b4716bb7ba775cca28e87248ef1eec.jpg'
INFO: 2025-06-30 05:14:00,982: compute_trimmed_offsets() 'Trimmed offsets debug info: w:1920, h:1080, ratio:1.777778, iw:2500, ih:1533, scw:1920, sch:1177, ho:0, vo:48'
INFO: 2025-06-30 05:14:00,982: build_imagemagick_clock_cmd() 'Applying clock filter: -density 100 -font `fc-match -f '%{file[0]}' 'Serif:70'` -pointsize 70 -gravity SouthEast -fill '#00000044' -annotate 0x0+58+156 '05:14' -fill white -annotate 0x0+60+158 '05:14' -font `fc-match -f '%{file[0]}' 'Serif:30'` -pointsize 30 -fill '#00000044' -annotate 0x0+58+106 'Monday, June 30' -fill white -annotate 0x0+60+108 'Monday, June 30''
INFO: 2025-06-30 05:14:00,982: build_imagemagick_clock_cmd() 'ImageMagick clock cmd: convert /home/pd0rk1n/.config/variety/wallpaper/wallpaper-auto-rotated-f8b4716bb7ba775cca28e87248ef1eec.jpg -scale 1920x1080^ -density 100 -font `fc-match -f '%{file[0]}' 'Serif:70'` -pointsize 70 -gravity SouthEast -fill '#00000044' -annotate 0x0+58+156 '05:14' -fill white -annotate 0x0+60+158 '05:14' -font `fc-match -f '%{file[0]}' 'Serif:30'` -pointsize 30 -fill '#00000044' -annotate 0x0+58+106 'Monday, June 30' -fill white -annotate 0x0+60+108 'Monday, June 30' /home/pd0rk1n/.config/variety/wallpaper/wallpaper-clock-6d322d4eec05d267791ec11a48f7fd0b.jpg'
INFO: 2025-06-30 05:14:01,276: update_indicator() 'Setting file info to: /home/pd0rk1n/.config/variety/Downloaded/wallhaven_minimal/wallhaven-jxvwvy.jpg'
INFO: 2025-06-30 05:14:01,277: list_files() 'More than 1 files in the folders, stop listing'
INFO: 2025-06-30 05:15:00,829: clock_thread_method() 'clock_thread updates wallpaper'
INFO: 2025-06-30 05:15:00,829: do_set_wp() 'Calling do_set_wp with /home/pd0rk1n/.config/variety/Downloaded/wallhaven_minimal/wallhaven-jxvwvy.jpg, time: 1751274900.8299246'
INFO: 2025-06-30 05:15:00,830: apply_auto_rotate() 'ImageMagick auto-rotate cmd: convert /home/pd0rk1n/.config/variety/Downloaded/wallhaven_minimal/wallhaven-jxvwvy.jpg -auto-orient /home/pd0rk1n/.config/variety/wallpaper/wallpaper-auto-rotated-1e6179b7585d9fdf2f868b12d78cfc27.jpg'
INFO: 2025-06-30 05:15:00,994: compute_trimmed_offsets() 'Trimmed offsets debug info: w:1920, h:1080, ratio:1.777778, iw:2500, ih:1533, scw:1920, sch:1177, ho:0, vo:48'
INFO: 2025-06-30 05:15:00,994: build_imagemagick_clock_cmd() 'Applying clock filter: -density 100 -font `fc-match -f '%{file[0]}' 'Serif:70'` -pointsize 70 -gravity SouthEast -fill '#00000044' -annotate 0x0+58+156 '05:15' -fill white -annotate 0x0+60+158 '05:15' -font `fc-match -f '%{file[0]}' 'Serif:30'` -pointsize 30 -fill '#00000044' -annotate 0x0+58+106 'Monday, June 30' -fill white -annotate 0x0+60+108 'Monday, June 30''
INFO: 2025-06-30 05:15:00,994: build_imagemagick_clock_cmd() 'ImageMagick clock cmd: convert /home/pd0rk1n/.config/variety/wallpaper/wallpaper-auto-rotated-1e6179b7585d9fdf2f868b12d78cfc27.jpg -scale 1920x1080^ -density 100 -font `fc-match -f '%{file[0]}' 'Serif:70'` -pointsize 70 -gravity SouthEast -fill '#00000044' -annotate 0x0+58+156 '05:15' -fill white -annotate 0x0+60+158 '05:15' -font `fc-match -f '%{file[0]}' 'Serif:30'` -pointsize 30 -fill '#00000044' -annotate 0x0+58+106 'Monday, June 30' -fill white -annotate 0x0+60+108 'Monday, June 30' /home/pd0rk1n/.config/variety/wallpaper/wallpaper-clock-108c55e732a5dc0fdefbe90081feeddf.jpg'
INFO: 2025-06-30 05:15:01,289: update_indicator() 'Setting file info to: /home/pd0rk1n/.config/variety/Downloaded/wallhaven_minimal/wallhaven-jxvwvy.jpg'
INFO: 2025-06-30 05:15:01,290: list_files() 'More than 1 files in the folders, stop listing'
INFO: 2025-06-30 05:16:00,839: clock_thread_method() 'clock_thread updates wallpaper'
INFO: 2025-06-30 05:16:00,839: do_set_wp() 'Calling do_set_wp with /home/pd0rk1n/.config/variety/Downloaded/wallhaven_minimal/wallhaven-jxvwvy.jpg, time: 1751274960.8396864'
INFO: 2025-06-30 05:16:00,839: apply_auto_rotate() 'ImageMagick auto-rotate cmd: convert /home/pd0rk1n/.config/variety/Downloaded/wallhaven_minimal/wallhaven-jxvwvy.jpg -auto-orient /home/pd0rk1n/.config/variety/wallpaper/wallpaper-auto-rotated-7be8e16e59f7fbc8336e5a4204bb7836.jpg'
INFO: 2025-06-30 05:16:01,001: compute_trimmed_offsets() 'Trimmed offsets debug info: w:1920, h:1080, ratio:1.777778, iw:2500, ih:1533, scw:1920, sch:1177, ho:0, vo:48'
INFO: 2025-06-30 05:16:01,001: build_imagemagick_clock_cmd() 'Applying clock filter: -density 100 -font `fc-match -f '%{file[0]}' 'Serif:70'` -pointsize 70 -gravity SouthEast -fill '#00000044' -annotate 0x0+58+156 '05:16' -fill white -annotate 0x0+60+158 '05:16' -font `fc-match -f '%{file[0]}' 'Serif:30'` -pointsize 30 -fill '#00000044' -annotate 0x0+58+106 'Monday, June 30' -fill white -annotate 0x0+60+108 'Monday, June 30''
INFO: 2025-06-30 05:16:01,001: build_imagemagick_clock_cmd() 'ImageMagick clock cmd: convert /home/pd0rk1n/.config/variety/wallpaper/wallpaper-auto-rotated-7be8e16e59f7fbc8336e5a4204bb7836.jpg -scale 1920x1080^ -density 100 -font `fc-match -f '%{file[0]}' 'Serif:70'` -pointsize 70 -gravity SouthEast -fill '#00000044' -annotate 0x0+58+156 '05:16' -fill white -annotate 0x0+60+158 '05:16' -font `fc-match -f '%{file[0]}' 'Serif:30'` -pointsize 30 -fill '#00000044' -annotate 0x0+58+106 'Monday, June 30' -fill white -annotate 0x0+60+108 'Monday, June 30' /home/pd0rk1n/.config/variety/wallpaper/wallpaper-clock-a164a527add3b4e7923d87518d5d7069.jpg'
INFO: 2025-06-30 05:16:01,295: update_indicator() 'Setting file info to: /home/pd0rk1n/.config/variety/Downloaded/wallhaven_minimal/wallhaven-jxvwvy.jpg'
INFO: 2025-06-30 05:16:01,296: list_files() 'More than 1 files in the folders, stop listing'
INFO: 2025-06-30 05:17:00,848: clock_thread_method() 'clock_thread updates wallpaper'
INFO: 2025-06-30 05:17:00,848: do_set_wp() 'Calling do_set_wp with /home/pd0rk1n/.config/variety/Downloaded/wallhaven_minimal/wallhaven-jxvwvy.jpg, time: 1751275020.848871'
INFO: 2025-06-30 05:17:00,849: apply_auto_rotate() 'ImageMagick auto-rotate cmd: convert /home/pd0rk1n/.config/variety/Downloaded/wallhaven_minimal/wallhaven-jxvwvy.jpg -auto-orient /home/pd0rk1n/.config/variety/wallpaper/wallpaper-auto-rotated-40bb74b975c362875143c92735668901.jpg'
INFO: 2025-06-30 05:17:01,012: compute_trimmed_offsets() 'Trimmed offsets debug info: w:1920, h:1080, ratio:1.777778, iw:2500, ih:1533, scw:1920, sch:1177, ho:0, vo:48'
INFO: 2025-06-30 05:17:01,012: build_imagemagick_clock_cmd() 'Applying clock filter: -density 100 -font `fc-match -f '%{file[0]}' 'Serif:70'` -pointsize 70 -gravity SouthEast -fill '#00000044' -annotate 0x0+58+156 '05:17' -fill white -annotate 0x0+60+158 '05:17' -font `fc-match -f '%{file[0]}' 'Serif:30'` -pointsize 30 -fill '#00000044' -annotate 0x0+58+106 'Monday, June 30' -fill white -annotate 0x0+60+108 'Monday, June 30''
INFO: 2025-06-30 05:17:01,012: build_imagemagick_clock_cmd() 'ImageMagick clock cmd: convert /home/pd0rk1n/.config/variety/wallpaper/wallpaper-auto-rotated-40bb74b975c362875143c92735668901.jpg -scale 1920x1080^ -density 100 -font `fc-match -f '%{file[0]}' 'Serif:70'` -pointsize 70 -gravity SouthEast -fill '#00000044' -annotate 0x0+58+156 '05:17' -fill white -annotate 0x0+60+158 '05:17' -font `fc-match -f '%{file[0]}' 'Serif:30'` -pointsize 30 -fill '#00000044' -annotate 0x0+58+106 'Monday, June 30' -fill white -annotate 0x0+60+108 'Monday, June 30' /home/pd0rk1n/.config/variety/wallpaper/wallpaper-clock-eb2ae3cbebe0f549e735f2aef11524d5.jpg'
INFO: 2025-06-30 05:17:01,307: update_indicator() 'Setting file info to: /home/pd0rk1n/.config/variety/Downloaded/wallhaven_minimal/wallhaven-jxvwvy.jpg'
INFO: 2025-06-30 05:17:01,308: list_files() 'More than 1 files in the folders, stop listing'
INFO: 2025-06-30 05:18:00,857: clock_thread_method() 'clock_thread updates wallpaper'
INFO: 2025-06-30 05:18:00,857: do_set_wp() 'Calling do_set_wp with /home/pd0rk1n/.config/variety/Downloaded/wallhaven_minimal/wallhaven-jxvwvy.jpg, time: 1751275080.8579736'
INFO: 2025-06-30 05:18:00,858: apply_auto_rotate() 'ImageMagick auto-rotate cmd: convert /home/pd0rk1n/.config/variety/Downloaded/wallhaven_minimal/wallhaven-jxvwvy.jpg -auto-orient /home/pd0rk1n/.config/variety/wallpaper/wallpaper-auto-rotated-35c786b2c3679bc1a04d2838cc5e1f68.jpg'
INFO: 2025-06-30 05:18:01,023: compute_trimmed_offsets() 'Trimmed offsets debug info: w:1920, h:1080, ratio:1.777778, iw:2500, ih:1533, scw:1920, sch:1177, ho:0, vo:48'
INFO: 2025-06-30 05:18:01,023: build_imagemagick_clock_cmd() 'Applying clock filter: -density 100 -font `fc-match -f '%{file[0]}' 'Serif:70'` -pointsize 70 -gravity SouthEast -fill '#00000044' -annotate 0x0+58+156 '05:18' -fill white -annotate 0x0+60+158 '05:18' -font `fc-match -f '%{file[0]}' 'Serif:30'` -pointsize 30 -fill '#00000044' -annotate 0x0+58+106 'Monday, June 30' -fill white -annotate 0x0+60+108 'Monday, June 30''
INFO: 2025-06-30 05:18:01,023: build_imagemagick_clock_cmd() 'ImageMagick clock cmd: convert /home/pd0rk1n/.config/variety/wallpaper/wallpaper-auto-rotated-35c786b2c3679bc1a04d2838cc5e1f68.jpg -scale 1920x1080^ -density 100 -font `fc-match -f '%{file[0]}' 'Serif:70'` -pointsize 70 -gravity SouthEast -fill '#00000044' -annotate 0x0+58+156 '05:18' -fill white -annotate 0x0+60+158 '05:18' -font `fc-match -f '%{file[0]}' 'Serif:30'` -pointsize 30 -fill '#00000044' -annotate 0x0+58+106 'Monday, June 30' -fill white -annotate 0x0+60+108 'Monday, June 30' /home/pd0rk1n/.config/variety/wallpaper/wallpaper-clock-921297ab75c51e1fb27e6c461310c246.jpg'
INFO: 2025-06-30 05:18:01,323: update_indicator() 'Setting file info to: /home/pd0rk1n/.config/variety/Downloaded/wallhaven_minimal/wallhaven-jxvwvy.jpg'
INFO: 2025-06-30 05:18:01,324: list_files() 'More than 1 files in the folders, stop listing'
INFO: 2025-06-30 05:19:00,866: clock_thread_method() 'clock_thread updates wallpaper'
INFO: 2025-06-30 05:19:00,866: do_set_wp() 'Calling do_set_wp with /home/pd0rk1n/.config/variety/Downloaded/wallhaven_minimal/wallhaven-jxvwvy.jpg, time: 1751275140.8665514'
INFO: 2025-06-30 05:19:00,866: apply_auto_rotate() 'ImageMagick auto-rotate cmd: convert /home/pd0rk1n/.config/variety/Downloaded/wallhaven_minimal/wallhaven-jxvwvy.jpg -auto-orient /home/pd0rk1n/.config/variety/wallpaper/wallpaper-auto-rotated-dee63d061271fcec43ef1cd06329e7b7.jpg'
INFO: 2025-06-30 05:19:01,029: compute_trimmed_offsets() 'Trimmed offsets debug info: w:1920, h:1080, ratio:1.777778, iw:2500, ih:1533, scw:1920, sch:1177, ho:0, vo:48'
INFO: 2025-06-30 05:19:01,029: build_imagemagick_clock_cmd() 'Applying clock filter: -density 100 -font `fc-match -f '%{file[0]}' 'Serif:70'` -pointsize 70 -gravity SouthEast -fill '#00000044' -annotate 0x0+58+156 '05:19' -fill white -annotate 0x0+60+158 '05:19' -font `fc-match -f '%{file[0]}' 'Serif:30'` -pointsize 30 -fill '#00000044' -annotate 0x0+58+106 'Monday, June 30' -fill white -annotate 0x0+60+108 'Monday, June 30''
INFO: 2025-06-30 05:19:01,029: build_imagemagick_clock_cmd() 'ImageMagick clock cmd: convert /home/pd0rk1n/.config/variety/wallpaper/wallpaper-auto-rotated-dee63d061271fcec43ef1cd06329e7b7.jpg -scale 1920x1080^ -density 100 -font `fc-match -f '%{file[0]}' 'Serif:70'` -pointsize 70 -gravity SouthEast -fill '#00000044' -annotate 0x0+58+156 '05:19' -fill white -annotate 0x0+60+158 '05:19' -font `fc-match -f '%{file[0]}' 'Serif:30'` -pointsize 30 -fill '#00000044' -annotate 0x0+58+106 'Monday, June 30' -fill white -annotate 0x0+60+108 'Monday, June 30' /home/pd0rk1n/.config/variety/wallpaper/wallpaper-clock-9b57764949b35853ebfd59f9ec2a2f31.jpg'
INFO: 2025-06-30 05:19:01,324: update_indicator() 'Setting file info to: /home/pd0rk1n/.config/variety/Downloaded/wallhaven_minimal/wallhaven-jxvwvy.jpg'
INFO: 2025-06-30 05:19:01,325: list_files() 'More than 1 files in the folders, stop listing'
INFO: 2025-06-30 05:20:00,874: clock_thread_method() 'clock_thread updates wallpaper'
INFO: 2025-06-30 05:20:00,875: do_set_wp() 'Calling do_set_wp with /home/pd0rk1n/.config/variety/Downloaded/wallhaven_minimal/wallhaven-jxvwvy.jpg, time: 1751275200.8752313'
INFO: 2025-06-30 05:20:00,875: apply_auto_rotate() 'ImageMagick auto-rotate cmd: convert /home/pd0rk1n/.config/variety/Downloaded/wallhaven_minimal/wallhaven-jxvwvy.jpg -auto-orient /home/pd0rk1n/.config/variety/wallpaper/wallpaper-auto-rotated-75b85f4d0fae4ce0f79bc58644cd169e.jpg'
INFO: 2025-06-30 05:20:01,041: compute_trimmed_offsets() 'Trimmed offsets debug info: w:1920, h:1080, ratio:1.777778, iw:2500, ih:1533, scw:1920, sch:1177, ho:0, vo:48'
INFO: 2025-06-30 05:20:01,042: build_imagemagick_clock_cmd() 'Applying clock filter: -density 100 -font `fc-match -f '%{file[0]}' 'Serif:70'` -pointsize 70 -gravity SouthEast -fill '#00000044' -annotate 0x0+58+156 '05:20' -fill white -annotate 0x0+60+158 '05:20' -font `fc-match -f '%{file[0]}' 'Serif:30'` -pointsize 30 -fill '#00000044' -annotate 0x0+58+106 'Monday, June 30' -fill white -annotate 0x0+60+108 'Monday, June 30''
INFO: 2025-06-30 05:20:01,042: build_imagemagick_clock_cmd() 'ImageMagick clock cmd: convert /home/pd0rk1n/.config/variety/wallpaper/wallpaper-auto-rotated-75b85f4d0fae4ce0f79bc58644cd169e.jpg -scale 1920x1080^ -density 100 -font `fc-match -f '%{file[0]}' 'Serif:70'` -pointsize 70 -gravity SouthEast -fill '#00000044' -annotate 0x0+58+156 '05:20' -fill white -annotate 0x0+60+158 '05:20' -font `fc-match -f '%{file[0]}' 'Serif:30'` -pointsize 30 -fill '#00000044' -annotate 0x0+58+106 'Monday, June 30' -fill white -annotate 0x0+60+108 'Monday, June 30' /home/pd0rk1n/.config/variety/wallpaper/wallpaper-clock-ef75a4ed9a8ea1658c09c12c3ce80539.jpg'
INFO: 2025-06-30 05:20:01,340: update_indicator() 'Setting file info to: /home/pd0rk1n/.config/variety/Downloaded/wallhaven_minimal/wallhaven-jxvwvy.jpg'
INFO: 2025-06-30 05:20:01,341: list_files() 'More than 1 files in the folders, stop listing'
INFO: 2025-06-30 05:20:18,024: regular_change_thread() 'regular_change changes wallpaper'
INFO: 2025-06-30 05:20:18,025: set_wallpaper() 'Calling set_wallpaper with /home/pd0rk1n/.config/variety/Downloaded/wallhaven_simple/wallhaven-d6z96o.jpg'
INFO: 2025-06-30 05:20:18,025: prepare_thread() 'Prepared buffer contains 84 images'
INFO: 2025-06-30 05:20:18,026: do_set_wp() 'Calling do_set_wp with /home/pd0rk1n/.config/variety/Downloaded/wallhaven_simple/wallhaven-d6z96o.jpg, time: 1751275218.0261035'
INFO: 2025-06-30 05:20:18,026: apply_auto_rotate() 'ImageMagick auto-rotate cmd: convert /home/pd0rk1n/.config/variety/Downloaded/wallhaven_simple/wallhaven-d6z96o.jpg -auto-orient /home/pd0rk1n/.config/variety/wallpaper/wallpaper-auto-rotated-5b41d487fb57bac24483e480b039fc6f.jpg'
INFO: 2025-06-30 05:20:19,881: compute_trimmed_offsets() 'Trimmed offsets debug info: w:1920, h:1080, ratio:1.777778, iw:8993, ih:5041, scw:1926, sch:1080, ho:3, vo:0'
INFO: 2025-06-30 05:20:19,882: build_imagemagick_clock_cmd() 'Applying clock filter: -density 100 -font `fc-match -f '%{file[0]}' 'Serif:70'` -pointsize 70 -gravity SouthEast -fill '#00000044' -annotate 0x0+61+108 '05:20' -fill white -annotate 0x0+63+110 '05:20' -font `fc-match -f '%{file[0]}' 'Serif:30'` -pointsize 30 -fill '#00000044' -annotate 0x0+61+58 'Monday, June 30' -fill white -annotate 0x0+63+60 'Monday, June 30''
INFO: 2025-06-30 05:20:19,882: build_imagemagick_clock_cmd() 'ImageMagick clock cmd: convert /home/pd0rk1n/.config/variety/wallpaper/wallpaper-auto-rotated-5b41d487fb57bac24483e480b039fc6f.jpg -scale 1920x1080^ -density 100 -font `fc-match -f '%{file[0]}' 'Serif:70'` -pointsize 70 -gravity SouthEast -fill '#00000044' -annotate 0x0+61+108 '05:20' -fill white -annotate 0x0+63+110 '05:20' -font `fc-match -f '%{file[0]}' 'Serif:30'` -pointsize 30 -fill '#00000044' -annotate 0x0+61+58 'Monday, June 30' -fill white -annotate 0x0+63+60 'Monday, June 30' /home/pd0rk1n/.config/variety/wallpaper/wallpaper-clock-607531745839ce0559cf290fa359b923.jpg'
INFO: 2025-06-30 05:20:20,025: trigger_download() 'Triggering download thread to check if download needed and possible'
INFO: 2025-06-30 05:20:20,025: trigger_download() 'Triggering download thread to check if download needed and possible'
INFO: 2025-06-30 05:20:20,026: get_throttling() 'Wallhaven.cc: parsing serverside options'
INFO: 2025-06-30 05:20:20,026: get_throttling() 'Wallhaven.cc serverside options: {'min_fill_queue_interval': 1800, 'min_download_interval': 1800}'
INFO: 2025-06-30 05:20:20,026: get_throttling() 'Wallhaven.cc: parsing serverside options'
INFO: 2025-06-30 05:20:20,026: get_throttling() 'Wallhaven.cc serverside options: {'min_fill_queue_interval': 1800, 'min_download_interval': 1800}'
INFO: 2025-06-30 05:20:20,026: download_one() 'Wallhaven.cc: Downloading an image, config: simple'
INFO: 2025-06-30 05:20:20,026: download_one() 'Wallhaven.cc: Queue size: 0'
INFO: 2025-06-30 05:20:20,026: get_throttling() 'Wallhaven.cc: parsing serverside options'
INFO: 2025-06-30 05:20:20,026: get_throttling() 'Wallhaven.cc serverside options: {'min_fill_queue_interval': 1800, 'min_download_interval': 1800}'
INFO: 2025-06-30 05:20:20,026: download_one() 'Wallhaven.cc: Filling queue'
INFO: 2025-06-30 05:20:20,026: search() 'Performing wallhaven search: url=https://wallhaven.cc/api/v1/search?q=simple&categories=111&purity=100&sorting=favorites&order=desc'
INFO: 2025-06-30 05:20:20,360: fill_queue() '70506 wallpapers in result, using page 2'
INFO: 2025-06-30 05:20:20,360: search() 'Performing wallhaven search: url=https://wallhaven.cc/api/v1/search?q=simple&categories=111&purity=100&sorting=favorites&order=desc&page=2'
INFO: 2025-06-30 05:20:20,598: download_one() 'Wallhaven.cc: Queue populated with 12 URLs'
INFO: 2025-06-30 05:20:20,598: download_queue_item() 'Wallpaper URL: https://wallhaven.cc/w/4dp2g4'
INFO: 2025-06-30 05:20:20,598: download_queue_item() 'Image src URL: https://w.wallhaven.cc/full/4d/wallhaven-4dp2g4.jpg'
INFO: 2025-06-30 05:20:20,752: save_locally() 'Origin URL: https://wallhaven.cc/w/4dp2g4'
INFO: 2025-06-30 05:20:20,752: save_locally() 'Image URL: https://w.wallhaven.cc/full/4d/wallhaven-4dp2g4.jpg'
INFO: 2025-06-30 05:20:20,752: save_locally() 'Local path: /home/pd0rk1n/.config/variety/Downloaded/wallhaven_simple/wallhaven-4dp2g4.jpg'
INFO: 2025-06-30 05:20:20,967: save_locally() 'Download complete'
INFO: 2025-06-30 05:20:20,967: update_indicator() 'Setting file info to: /home/pd0rk1n/.config/variety/Downloaded/wallhaven_minimal/wallhaven-jxvwvy.jpg'
INFO: 2025-06-30 05:20:20,968: list_files() 'More than 1 files in the folders, stop listing'
INFO: 2025-06-30 05:20:20,968: download_one_from() 'Adding downloaded file /home/pd0rk1n/.config/variety/Downloaded/wallhaven_simple/wallhaven-4dp2g4.jpg to unseen_downloads'
INFO: 2025-06-30 05:20:21,303: update_indicator() 'Setting file info to: /home/pd0rk1n/.config/variety/Downloaded/wallhaven_simple/wallhaven-d6z96o.jpg'
INFO: 2025-06-30 05:20:21,304: list_files() 'More than 1 files in the folders, stop listing'
INFO: 2025-06-30 05:21:00,883: clock_thread_method() 'clock_thread updates wallpaper'
INFO: 2025-06-30 05:21:00,884: do_set_wp() 'Calling do_set_wp with /home/pd0rk1n/.config/variety/Downloaded/wallhaven_simple/wallhaven-d6z96o.jpg, time: 1751275260.8841162'
INFO: 2025-06-30 05:21:00,884: apply_auto_rotate() 'ImageMagick auto-rotate cmd: convert /home/pd0rk1n/.config/variety/Downloaded/wallhaven_simple/wallhaven-d6z96o.jpg -auto-orient /home/pd0rk1n/.config/variety/wallpaper/wallpaper-auto-rotated-607dc6d5253c613585ee99459a17cb6a.jpg'
INFO: 2025-06-30 05:21:02,716: compute_trimmed_offsets() 'Trimmed offsets debug info: w:1920, h:1080, ratio:1.777778, iw:8993, ih:5041, scw:1926, sch:1080, ho:3, vo:0'
INFO: 2025-06-30 05:21:02,716: build_imagemagick_clock_cmd() 'Applying clock filter: -density 100 -font `fc-match -f '%{file[0]}' 'Serif:70'` -pointsize 70 -gravity SouthEast -fill '#00000044' -annotate 0x0+61+108 '05:21' -fill white -annotate 0x0+63+110 '05:21' -font `fc-match -f '%{file[0]}' 'Serif:30'` -pointsize 30 -fill '#00000044' -annotate 0x0+61+58 'Monday, June 30' -fill white -annotate 0x0+63+60 'Monday, June 30''
INFO: 2025-06-30 05:21:02,716: build_imagemagick_clock_cmd() 'ImageMagick clock cmd: convert /home/pd0rk1n/.config/variety/wallpaper/wallpaper-auto-rotated-607dc6d5253c613585ee99459a17cb6a.jpg -scale 1920x1080^ -density 100 -font `fc-match -f '%{file[0]}' 'Serif:70'` -pointsize 70 -gravity SouthEast -fill '#00000044' -annotate 0x0+61+108 '05:21' -fill white -annotate 0x0+63+110 '05:21' -font `fc-match -f '%{file[0]}' 'Serif:30'` -pointsize 30 -fill '#00000044' -annotate 0x0+61+58 'Monday, June 30' -fill white -annotate 0x0+63+60 'Monday, June 30' /home/pd0rk1n/.config/variety/wallpaper/wallpaper-clock-a396e6790085c4453573edd97fab0f6d.jpg'
INFO: 2025-06-30 05:21:04,117: update_indicator() 'Setting file info to: /home/pd0rk1n/.config/variety/Downloaded/wallhaven_simple/wallhaven-d6z96o.jpg'
INFO: 2025-06-30 05:21:04,119: list_files() 'More than 1 files in the folders, stop listing'
INFO: 2025-06-30 05:22:00,892: clock_thread_method() 'clock_thread updates wallpaper'
INFO: 2025-06-30 05:22:00,892: do_set_wp() 'Calling do_set_wp with /home/pd0rk1n/.config/variety/Downloaded/wallhaven_simple/wallhaven-d6z96o.jpg, time: 1751275320.892787'
INFO: 2025-06-30 05:22:00,893: apply_auto_rotate() 'ImageMagick auto-rotate cmd: convert /home/pd0rk1n/.config/variety/Downloaded/wallhaven_simple/wallhaven-d6z96o.jpg -auto-orient /home/pd0rk1n/.config/variety/wallpaper/wallpaper-auto-rotated-88f20e7b16269eb424bf191fb89af8f8.jpg'
INFO: 2025-06-30 05:22:02,725: compute_trimmed_offsets() 'Trimmed offsets debug info: w:1920, h:1080, ratio:1.777778, iw:8993, ih:5041, scw:1926, sch:1080, ho:3, vo:0'
INFO: 2025-06-30 05:22:02,726: build_imagemagick_clock_cmd() 'Applying clock filter: -density 100 -font `fc-match -f '%{file[0]}' 'Serif:70'` -pointsize 70 -gravity SouthEast -fill '#00000044' -annotate 0x0+61+108 '05:22' -fill white -annotate 0x0+63+110 '05:22' -font `fc-match -f '%{file[0]}' 'Serif:30'` -pointsize 30 -fill '#00000044' -annotate 0x0+61+58 'Monday, June 30' -fill white -annotate 0x0+63+60 'Monday, June 30''
INFO: 2025-06-30 05:22:02,726: build_imagemagick_clock_cmd() 'ImageMagick clock cmd: convert /home/pd0rk1n/.config/variety/wallpaper/wallpaper-auto-rotated-88f20e7b16269eb424bf191fb89af8f8.jpg -scale 1920x1080^ -density 100 -font `fc-match -f '%{file[0]}' 'Serif:70'` -pointsize 70 -gravity SouthEast -fill '#00000044' -annotate 0x0+61+108 '05:22' -fill white -annotate 0x0+63+110 '05:22' -font `fc-match -f '%{file[0]}' 'Serif:30'` -pointsize 30 -fill '#00000044' -annotate 0x0+61+58 'Monday, June 30' -fill white -annotate 0x0+63+60 'Monday, June 30' /home/pd0rk1n/.config/variety/wallpaper/wallpaper-clock-acc44ecb66ba5937218874572c38964e.jpg'
INFO: 2025-06-30 05:22:04,127: update_indicator() 'Setting file info to: /home/pd0rk1n/.config/variety/Downloaded/wallhaven_simple/wallhaven-d6z96o.jpg'
INFO: 2025-06-30 05:22:04,129: list_files() 'More than 1 files in the folders, stop listing'
INFO: 2025-06-30 05:23:00,901: clock_thread_method() 'clock_thread updates wallpaper'
INFO: 2025-06-30 05:23:00,901: do_set_wp() 'Calling do_set_wp with /home/pd0rk1n/.config/variety/Downloaded/wallhaven_simple/wallhaven-d6z96o.jpg, time: 1751275380.9018443'
INFO: 2025-06-30 05:23:00,902: apply_auto_rotate() 'ImageMagick auto-rotate cmd: convert /home/pd0rk1n/.config/variety/Downloaded/wallhaven_simple/wallhaven-d6z96o.jpg -auto-orient /home/pd0rk1n/.config/variety/wallpaper/wallpaper-auto-rotated-e4162ad19426de3c168ce3e76a7150d3.jpg'
INFO: 2025-06-30 05:23:02,718: compute_trimmed_offsets() 'Trimmed offsets debug info: w:1920, h:1080, ratio:1.777778, iw:8993, ih:5041, scw:1926, sch:1080, ho:3, vo:0'
INFO: 2025-06-30 05:23:02,718: build_imagemagick_clock_cmd() 'Applying clock filter: -density 100 -font `fc-match -f '%{file[0]}' 'Serif:70'` -pointsize 70 -gravity SouthEast -fill '#00000044' -annotate 0x0+61+108 '05:23' -fill white -annotate 0x0+63+110 '05:23' -font `fc-match -f '%{file[0]}' 'Serif:30'` -pointsize 30 -fill '#00000044' -annotate 0x0+61+58 'Monday, June 30' -fill white -annotate 0x0+63+60 'Monday, June 30''
INFO: 2025-06-30 05:23:02,718: build_imagemagick_clock_cmd() 'ImageMagick clock cmd: convert /home/pd0rk1n/.config/variety/wallpaper/wallpaper-auto-rotated-e4162ad19426de3c168ce3e76a7150d3.jpg -scale 1920x1080^ -density 100 -font `fc-match -f '%{file[0]}' 'Serif:70'` -pointsize 70 -gravity SouthEast -fill '#00000044' -annotate 0x0+61+108 '05:23' -fill white -annotate 0x0+63+110 '05:23' -font `fc-match -f '%{file[0]}' 'Serif:30'` -pointsize 30 -fill '#00000044' -annotate 0x0+61+58 'Monday, June 30' -fill white -annotate 0x0+63+60 'Monday, June 30' /home/pd0rk1n/.config/variety/wallpaper/wallpaper-clock-667a3ce5bc690c206cd529d1d75fedcd.jpg'
INFO: 2025-06-30 05:23:04,121: update_indicator() 'Setting file info to: /home/pd0rk1n/.config/variety/Downloaded/wallhaven_simple/wallhaven-d6z96o.jpg'
INFO: 2025-06-30 05:23:04,123: list_files() 'More than 1 files in the folders, stop listing'
INFO: 2025-06-30 05:24:00,911: clock_thread_method() 'clock_thread updates wallpaper'
INFO: 2025-06-30 05:24:00,911: do_set_wp() 'Calling do_set_wp with /home/pd0rk1n/.config/variety/Downloaded/wallhaven_simple/wallhaven-d6z96o.jpg, time: 1751275440.9118738'
INFO: 2025-06-30 05:24:00,912: apply_auto_rotate() 'ImageMagick auto-rotate cmd: convert /home/pd0rk1n/.config/variety/Downloaded/wallhaven_simple/wallhaven-d6z96o.jpg -auto-orient /home/pd0rk1n/.config/variety/wallpaper/wallpaper-auto-rotated-90edcd3367ccea36100d85e0e0cf410e.jpg'
INFO: 2025-06-30 05:24:02,736: compute_trimmed_offsets() 'Trimmed offsets debug info: w:1920, h:1080, ratio:1.777778, iw:8993, ih:5041, scw:1926, sch:1080, ho:3, vo:0'
INFO: 2025-06-30 05:24:02,736: build_imagemagick_clock_cmd() 'Applying clock filter: -density 100 -font `fc-match -f '%{file[0]}' 'Serif:70'` -pointsize 70 -gravity SouthEast -fill '#00000044' -annotate 0x0+61+108 '05:24' -fill white -annotate 0x0+63+110 '05:24' -font `fc-match -f '%{file[0]}' 'Serif:30'` -pointsize 30 -fill '#00000044' -annotate 0x0+61+58 'Monday, June 30' -fill white -annotate 0x0+63+60 'Monday, June 30''
INFO: 2025-06-30 05:24:02,736: build_imagemagick_clock_cmd() 'ImageMagick clock cmd: convert /home/pd0rk1n/.config/variety/wallpaper/wallpaper-auto-rotated-90edcd3367ccea36100d85e0e0cf410e.jpg -scale 1920x1080^ -density 100 -font `fc-match -f '%{file[0]}' 'Serif:70'` -pointsize 70 -gravity SouthEast -fill '#00000044' -annotate 0x0+61+108 '05:24' -fill white -annotate 0x0+63+110 '05:24' -font `fc-match -f '%{file[0]}' 'Serif:30'` -pointsize 30 -fill '#00000044' -annotate 0x0+61+58 'Monday, June 30' -fill white -annotate 0x0+63+60 'Monday, June 30' /home/pd0rk1n/.config/variety/wallpaper/wallpaper-clock-b3ac0adb4f034a42e363e8f11549b3f4.jpg'
INFO: 2025-06-30 05:24:04,135: update_indicator() 'Setting file info to: /home/pd0rk1n/.config/variety/Downloaded/wallhaven_simple/wallhaven-d6z96o.jpg'
INFO: 2025-06-30 05:24:04,137: list_files() 'More than 1 files in the folders, stop listing'
INFO: 2025-06-30 05:25:00,920: clock_thread_method() 'clock_thread updates wallpaper'
INFO: 2025-06-30 05:25:00,920: do_set_wp() 'Calling do_set_wp with /home/pd0rk1n/.config/variety/Downloaded/wallhaven_simple/wallhaven-d6z96o.jpg, time: 1751275500.920325'
INFO: 2025-06-30 05:25:00,920: apply_auto_rotate() 'ImageMagick auto-rotate cmd: convert /home/pd0rk1n/.config/variety/Downloaded/wallhaven_simple/wallhaven-d6z96o.jpg -auto-orient /home/pd0rk1n/.config/variety/wallpaper/wallpaper-auto-rotated-ae564933aec933c249f59ee3d17b1c49.jpg'
INFO: 2025-06-30 05:25:02,765: compute_trimmed_offsets() 'Trimmed offsets debug info: w:1920, h:1080, ratio:1.777778, iw:8993, ih:5041, scw:1926, sch:1080, ho:3, vo:0'
INFO: 2025-06-30 05:25:02,766: build_imagemagick_clock_cmd() 'Applying clock filter: -density 100 -font `fc-match -f '%{file[0]}' 'Serif:70'` -pointsize 70 -gravity SouthEast -fill '#00000044' -annotate 0x0+61+108 '05:25' -fill white -annotate 0x0+63+110 '05:25' -font `fc-match -f '%{file[0]}' 'Serif:30'` -pointsize 30 -fill '#00000044' -annotate 0x0+61+58 'Monday, June 30' -fill white -annotate 0x0+63+60 'Monday, June 30''
INFO: 2025-06-30 05:25:02,766: build_imagemagick_clock_cmd() 'ImageMagick clock cmd: convert /home/pd0rk1n/.config/variety/wallpaper/wallpaper-auto-rotated-ae564933aec933c249f59ee3d17b1c49.jpg -scale 1920x1080^ -density 100 -font `fc-match -f '%{file[0]}' 'Serif:70'` -pointsize 70 -gravity SouthEast -fill '#00000044' -annotate 0x0+61+108 '05:25' -fill white -annotate 0x0+63+110 '05:25' -font `fc-match -f '%{file[0]}' 'Serif:30'` -pointsize 30 -fill '#00000044' -annotate 0x0+61+58 'Monday, June 30' -fill white -annotate 0x0+63+60 'Monday, June 30' /home/pd0rk1n/.config/variety/wallpaper/wallpaper-clock-fc4bf888d9d81eae655df98e0e56292c.jpg'
INFO: 2025-06-30 05:25:04,174: update_indicator() 'Setting file info to: /home/pd0rk1n/.config/variety/Downloaded/wallhaven_simple/wallhaven-d6z96o.jpg'
INFO: 2025-06-30 05:25:04,175: list_files() 'More than 1 files in the folders, stop listing'
INFO: 2025-06-30 05:26:00,928: clock_thread_method() 'clock_thread updates wallpaper'
INFO: 2025-06-30 05:26:00,929: do_set_wp() 'Calling do_set_wp with /home/pd0rk1n/.config/variety/Downloaded/wallhaven_simple/wallhaven-d6z96o.jpg, time: 1751275560.9290247'
INFO: 2025-06-30 05:26:00,929: apply_auto_rotate() 'ImageMagick auto-rotate cmd: convert /home/pd0rk1n/.config/variety/Downloaded/wallhaven_simple/wallhaven-d6z96o.jpg -auto-orient /home/pd0rk1n/.config/variety/wallpaper/wallpaper-auto-rotated-35ed42fd10f4a211c795bb4f568f9ce0.jpg'
INFO: 2025-06-30 05:26:02,755: compute_trimmed_offsets() 'Trimmed offsets debug info: w:1920, h:1080, ratio:1.777778, iw:8993, ih:5041, scw:1926, sch:1080, ho:3, vo:0'
INFO: 2025-06-30 05:26:02,755: build_imagemagick_clock_cmd() 'Applying clock filter: -density 100 -font `fc-match -f '%{file[0]}' 'Serif:70'` -pointsize 70 -gravity SouthEast -fill '#00000044' -annotate 0x0+61+108 '05:26' -fill white -annotate 0x0+63+110 '05:26' -font `fc-match -f '%{file[0]}' 'Serif:30'` -pointsize 30 -fill '#00000044' -annotate 0x0+61+58 'Monday, June 30' -fill white -annotate 0x0+63+60 'Monday, June 30''
INFO: 2025-06-30 05:26:02,755: build_imagemagick_clock_cmd() 'ImageMagick clock cmd: convert /home/pd0rk1n/.config/variety/wallpaper/wallpaper-auto-rotated-35ed42fd10f4a211c795bb4f568f9ce0.jpg -scale 1920x1080^ -density 100 -font `fc-match -f '%{file[0]}' 'Serif:70'` -pointsize 70 -gravity SouthEast -fill '#00000044' -annotate 0x0+61+108 '05:26' -fill white -annotate 0x0+63+110 '05:26' -font `fc-match -f '%{file[0]}' 'Serif:30'` -pointsize 30 -fill '#00000044' -annotate 0x0+61+58 'Monday, June 30' -fill white -annotate 0x0+63+60 'Monday, June 30' /home/pd0rk1n/.config/variety/wallpaper/wallpaper-clock-4241a5e62e9aa4d6abf6fe268e4ba537.jpg'
INFO: 2025-06-30 05:26:04,156: update_indicator() 'Setting file info to: /home/pd0rk1n/.config/variety/Downloaded/wallhaven_simple/wallhaven-d6z96o.jpg'
INFO: 2025-06-30 05:26:04,158: list_files() 'More than 1 files in the folders, stop listing'
INFO: 2025-06-30 05:27:00,937: clock_thread_method() 'clock_thread updates wallpaper'
INFO: 2025-06-30 05:27:00,937: do_set_wp() 'Calling do_set_wp with /home/pd0rk1n/.config/variety/Downloaded/wallhaven_simple/wallhaven-d6z96o.jpg, time: 1751275620.9379518'
INFO: 2025-06-30 05:27:00,938: apply_auto_rotate() 'ImageMagick auto-rotate cmd: convert /home/pd0rk1n/.config/variety/Downloaded/wallhaven_simple/wallhaven-d6z96o.jpg -auto-orient /home/pd0rk1n/.config/variety/wallpaper/wallpaper-auto-rotated-15882c73ee4837255ec4558df723d5c8.jpg'
INFO: 2025-06-30 05:27:02,781: compute_trimmed_offsets() 'Trimmed offsets debug info: w:1920, h:1080, ratio:1.777778, iw:8993, ih:5041, scw:1926, sch:1080, ho:3, vo:0'
INFO: 2025-06-30 05:27:02,782: build_imagemagick_clock_cmd() 'Applying clock filter: -density 100 -font `fc-match -f '%{file[0]}' 'Serif:70'` -pointsize 70 -gravity SouthEast -fill '#00000044' -annotate 0x0+61+108 '05:27' -fill white -annotate 0x0+63+110 '05:27' -font `fc-match -f '%{file[0]}' 'Serif:30'` -pointsize 30 -fill '#00000044' -annotate 0x0+61+58 'Monday, June 30' -fill white -annotate 0x0+63+60 'Monday, June 30''
INFO: 2025-06-30 05:27:02,782: build_imagemagick_clock_cmd() 'ImageMagick clock cmd: convert /home/pd0rk1n/.config/variety/wallpaper/wallpaper-auto-rotated-15882c73ee4837255ec4558df723d5c8.jpg -scale 1920x1080^ -density 100 -font `fc-match -f '%{file[0]}' 'Serif:70'` -pointsize 70 -gravity SouthEast -fill '#00000044' -annotate 0x0+61+108 '05:27' -fill white -annotate 0x0+63+110 '05:27' -font `fc-match -f '%{file[0]}' 'Serif:30'` -pointsize 30 -fill '#00000044' -annotate 0x0+61+58 'Monday, June 30' -fill white -annotate 0x0+63+60 'Monday, June 30' /home/pd0rk1n/.config/variety/wallpaper/wallpaper-clock-1123a71ad4b2f62540b216955208da6e.jpg'
INFO: 2025-06-30 05:27:04,181: update_indicator() 'Setting file info to: /home/pd0rk1n/.config/variety/Downloaded/wallhaven_simple/wallhaven-d6z96o.jpg'
INFO: 2025-06-30 05:27:04,183: list_files() 'More than 1 files in the folders, stop listing'
INFO: 2025-06-30 05:28:00,946: clock_thread_method() 'clock_thread updates wallpaper'
INFO: 2025-06-30 05:28:00,946: do_set_wp() 'Calling do_set_wp with /home/pd0rk1n/.config/variety/Downloaded/wallhaven_simple/wallhaven-d6z96o.jpg, time: 1751275680.9468603'
INFO: 2025-06-30 05:28:00,947: apply_auto_rotate() 'ImageMagick auto-rotate cmd: convert /home/pd0rk1n/.config/variety/Downloaded/wallhaven_simple/wallhaven-d6z96o.jpg -auto-orient /home/pd0rk1n/.config/variety/wallpaper/wallpaper-auto-rotated-818b53bf0409f6eddf7acc2df8bf6d4e.jpg'
INFO: 2025-06-30 05:28:02,772: compute_trimmed_offsets() 'Trimmed offsets debug info: w:1920, h:1080, ratio:1.777778, iw:8993, ih:5041, scw:1926, sch:1080, ho:3, vo:0'
INFO: 2025-06-30 05:28:02,772: build_imagemagick_clock_cmd() 'Applying clock filter: -density 100 -font `fc-match -f '%{file[0]}' 'Serif:70'` -pointsize 70 -gravity SouthEast -fill '#00000044' -annotate 0x0+61+108 '05:28' -fill white -annotate 0x0+63+110 '05:28' -font `fc-match -f '%{file[0]}' 'Serif:30'` -pointsize 30 -fill '#00000044' -annotate 0x0+61+58 'Monday, June 30' -fill white -annotate 0x0+63+60 'Monday, June 30''
INFO: 2025-06-30 05:28:02,772: build_imagemagick_clock_cmd() 'ImageMagick clock cmd: convert /home/pd0rk1n/.config/variety/wallpaper/wallpaper-auto-rotated-818b53bf0409f6eddf7acc2df8bf6d4e.jpg -scale 1920x1080^ -density 100 -font `fc-match -f '%{file[0]}' 'Serif:70'` -pointsize 70 -gravity SouthEast -fill '#00000044' -annotate 0x0+61+108 '05:28' -fill white -annotate 0x0+63+110 '05:28' -font `fc-match -f '%{file[0]}' 'Serif:30'` -pointsize 30 -fill '#00000044' -annotate 0x0+61+58 'Monday, June 30' -fill white -annotate 0x0+63+60 'Monday, June 30' /home/pd0rk1n/.config/variety/wallpaper/wallpaper-clock-572772f0a21349c15bcdc87a0d69c4b7.jpg'
INFO: 2025-06-30 05:28:04,179: update_indicator() 'Setting file info to: /home/pd0rk1n/.config/variety/Downloaded/wallhaven_simple/wallhaven-d6z96o.jpg'
INFO: 2025-06-30 05:28:04,181: list_files() 'More than 1 files in the folders, stop listing'
INFO: 2025-06-30 05:29:00,955: clock_thread_method() 'clock_thread updates wallpaper'
INFO: 2025-06-30 05:29:00,955: do_set_wp() 'Calling do_set_wp with /home/pd0rk1n/.config/variety/Downloaded/wallhaven_simple/wallhaven-d6z96o.jpg, time: 1751275740.9557402'
INFO: 2025-06-30 05:29:00,955: apply_auto_rotate() 'ImageMagick auto-rotate cmd: convert /home/pd0rk1n/.config/variety/Downloaded/wallhaven_simple/wallhaven-d6z96o.jpg -auto-orient /home/pd0rk1n/.config/variety/wallpaper/wallpaper-auto-rotated-79c5a9506098f6a2459b29e8dec76f36.jpg'
INFO: 2025-06-30 05:29:02,793: compute_trimmed_offsets() 'Trimmed offsets debug info: w:1920, h:1080, ratio:1.777778, iw:8993, ih:5041, scw:1926, sch:1080, ho:3, vo:0'
INFO: 2025-06-30 05:29:02,793: build_imagemagick_clock_cmd() 'Applying clock filter: -density 100 -font `fc-match -f '%{file[0]}' 'Serif:70'` -pointsize 70 -gravity SouthEast -fill '#00000044' -annotate 0x0+61+108 '05:29' -fill white -annotate 0x0+63+110 '05:29' -font `fc-match -f '%{file[0]}' 'Serif:30'` -pointsize 30 -fill '#00000044' -annotate 0x0+61+58 'Monday, June 30' -fill white -annotate 0x0+63+60 'Monday, June 30''
INFO: 2025-06-30 05:29:02,793: build_imagemagick_clock_cmd() 'ImageMagick clock cmd: convert /home/pd0rk1n/.config/variety/wallpaper/wallpaper-auto-rotated-79c5a9506098f6a2459b29e8dec76f36.jpg -scale 1920x1080^ -density 100 -font `fc-match -f '%{file[0]}' 'Serif:70'` -pointsize 70 -gravity SouthEast -fill '#00000044' -annotate 0x0+61+108 '05:29' -fill white -annotate 0x0+63+110 '05:29' -font `fc-match -f '%{file[0]}' 'Serif:30'` -pointsize 30 -fill '#00000044' -annotate 0x0+61+58 'Monday, June 30' -fill white -annotate 0x0+63+60 'Monday, June 30' /home/pd0rk1n/.config/variety/wallpaper/wallpaper-clock-c54efcc3979ce7a41d289065fdc60dde.jpg'
INFO: 2025-06-30 05:29:04,202: update_indicator() 'Setting file info to: /home/pd0rk1n/.config/variety/Downloaded/wallhaven_simple/wallhaven-d6z96o.jpg'
INFO: 2025-06-30 05:29:04,204: list_files() 'More than 1 files in the folders, stop listing'
INFO: 2025-06-30 05:30:00,964: clock_thread_method() 'clock_thread updates wallpaper'
INFO: 2025-06-30 05:30:00,964: do_set_wp() 'Calling do_set_wp with /home/pd0rk1n/.config/variety/Downloaded/wallhaven_simple/wallhaven-d6z96o.jpg, time: 1751275800.9648008'
INFO: 2025-06-30 05:30:00,965: apply_auto_rotate() 'ImageMagick auto-rotate cmd: convert /home/pd0rk1n/.config/variety/Downloaded/wallhaven_simple/wallhaven-d6z96o.jpg -auto-orient /home/pd0rk1n/.config/variety/wallpaper/wallpaper-auto-rotated-9f0a1430c0bbc59a9c1237fa3063105a.jpg'
INFO: 2025-06-30 05:30:02,818: compute_trimmed_offsets() 'Trimmed offsets debug info: w:1920, h:1080, ratio:1.777778, iw:8993, ih:5041, scw:1926, sch:1080, ho:3, vo:0'
INFO: 2025-06-30 05:30:02,818: build_imagemagick_clock_cmd() 'Applying clock filter: -density 100 -font `fc-match -f '%{file[0]}' 'Serif:70'` -pointsize 70 -gravity SouthEast -fill '#00000044' -annotate 0x0+61+108 '05:30' -fill white -annotate 0x0+63+110 '05:30' -font `fc-match -f '%{file[0]}' 'Serif:30'` -pointsize 30 -fill '#00000044' -annotate 0x0+61+58 'Monday, June 30' -fill white -annotate 0x0+63+60 'Monday, June 30''
INFO: 2025-06-30 05:30:02,818: build_imagemagick_clock_cmd() 'ImageMagick clock cmd: convert /home/pd0rk1n/.config/variety/wallpaper/wallpaper-auto-rotated-9f0a1430c0bbc59a9c1237fa3063105a.jpg -scale 1920x1080^ -density 100 -font `fc-match -f '%{file[0]}' 'Serif:70'` -pointsize 70 -gravity SouthEast -fill '#00000044' -annotate 0x0+61+108 '05:30' -fill white -annotate 0x0+63+110 '05:30' -font `fc-match -f '%{file[0]}' 'Serif:30'` -pointsize 30 -fill '#00000044' -annotate 0x0+61+58 'Monday, June 30' -fill white -annotate 0x0+63+60 'Monday, June 30' /home/pd0rk1n/.config/variety/wallpaper/wallpaper-clock-da0b0e28c8098552f78af626e41b6bab.jpg'
INFO: 2025-06-30 05:30:04,239: update_indicator() 'Setting file info to: /home/pd0rk1n/.config/variety/Downloaded/wallhaven_simple/wallhaven-d6z96o.jpg'
INFO: 2025-06-30 05:30:04,241: list_files() 'More than 1 files in the folders, stop listing'
INFO: 2025-06-30 05:30:25,124: regular_change_thread() 'regular_change changes wallpaper'
INFO: 2025-06-30 05:30:25,124: set_wallpaper() 'Calling set_wallpaper with /home/pd0rk1n/.config/variety/Downloaded/wallhaven_space/wallhaven-eyykro.jpg'
INFO: 2025-06-30 05:30:25,125: prepare_thread() 'Prepared buffer contains 84 images'
INFO: 2025-06-30 05:30:25,125: do_set_wp() 'Calling do_set_wp with /home/pd0rk1n/.config/variety/Downloaded/wallhaven_space/wallhaven-eyykro.jpg, time: 1751275825.125789'
INFO: 2025-06-30 05:30:25,126: apply_auto_rotate() 'ImageMagick auto-rotate cmd: convert /home/pd0rk1n/.config/variety/Downloaded/wallhaven_space/wallhaven-eyykro.jpg -auto-orient /home/pd0rk1n/.config/variety/wallpaper/wallpaper-auto-rotated-95cff76b316e491a01997da0648038cc.jpg'
INFO: 2025-06-30 05:30:25,748: compute_trimmed_offsets() 'Trimmed offsets debug info: w:1920, h:1080, ratio:1.777778, iw:3840, ih:2160, scw:1920, sch:1080, ho:0, vo:0'
INFO: 2025-06-30 05:30:25,748: build_imagemagick_clock_cmd() 'Applying clock filter: -density 100 -font `fc-match -f '%{file[0]}' 'Serif:70'` -pointsize 70 -gravity SouthEast -fill '#00000044' -annotate 0x0+58+108 '05:30' -fill white -annotate 0x0+60+110 '05:30' -font `fc-match -f '%{file[0]}' 'Serif:30'` -pointsize 30 -fill '#00000044' -annotate 0x0+58+58 'Monday, June 30' -fill white -annotate 0x0+60+60 'Monday, June 30''
INFO: 2025-06-30 05:30:25,748: build_imagemagick_clock_cmd() 'ImageMagick clock cmd: convert /home/pd0rk1n/.config/variety/wallpaper/wallpaper-auto-rotated-95cff76b316e491a01997da0648038cc.jpg -scale 1920x1080^ -density 100 -font `fc-match -f '%{file[0]}' 'Serif:70'` -pointsize 70 -gravity SouthEast -fill '#00000044' -annotate 0x0+58+108 '05:30' -fill white -annotate 0x0+60+110 '05:30' -font `fc-match -f '%{file[0]}' 'Serif:30'` -pointsize 30 -fill '#00000044' -annotate 0x0+58+58 'Monday, June 30' -fill white -annotate 0x0+60+60 'Monday, June 30' /home/pd0rk1n/.config/variety/wallpaper/wallpaper-clock-75a8d4c86b8ba89e77a1f3793e3dd6d3.jpg'
INFO: 2025-06-30 05:30:26,287: update_indicator() 'Setting file info to: /home/pd0rk1n/.config/variety/Downloaded/wallhaven_space/wallhaven-eyykro.jpg'
INFO: 2025-06-30 05:30:26,289: list_files() 'More than 1 files in the folders, stop listing'
INFO: 2025-06-30 05:30:27,125: trigger_download() 'Triggering download thread to check if download needed and possible'
INFO: 2025-06-30 05:30:27,125: trigger_download() 'Triggering download thread to check if download needed and possible'
INFO: 2025-06-30 05:30:27,125: get_throttling() 'Wallhaven.cc: parsing serverside options'
INFO: 2025-06-30 05:30:27,126: get_throttling() 'Wallhaven.cc serverside options: {'min_fill_queue_interval': 1800, 'min_download_interval': 1800}'
INFO: 2025-06-30 05:30:27,126: get_throttling() 'Wallhaven.cc: parsing serverside options'
INFO: 2025-06-30 05:30:27,126: get_throttling() 'Wallhaven.cc serverside options: {'min_fill_queue_interval': 1800, 'min_download_interval': 1800}'
INFO: 2025-06-30 05:30:27,126: download_one() 'Wallhaven.cc: Downloading an image, config: space'
INFO: 2025-06-30 05:30:27,126: download_one() 'Wallhaven.cc: Queue size: 0'
INFO: 2025-06-30 05:30:27,126: get_throttling() 'Wallhaven.cc: parsing serverside options'
INFO: 2025-06-30 05:30:27,126: get_throttling() 'Wallhaven.cc serverside options: {'min_fill_queue_interval': 1800, 'min_download_interval': 1800}'
INFO: 2025-06-30 05:30:27,126: download_one() 'Wallhaven.cc: Filling queue'
INFO: 2025-06-30 05:30:27,126: search() 'Performing wallhaven search: url=https://wallhaven.cc/api/v1/search?q=space&categories=111&purity=100&sorting=favorites&order=desc'
INFO: 2025-06-30 05:30:27,575: fill_queue() '13312 wallpapers in result, using page 28'
INFO: 2025-06-30 05:30:27,575: search() 'Performing wallhaven search: url=https://wallhaven.cc/api/v1/search?q=space&categories=111&purity=100&sorting=favorites&order=desc&page=28'
INFO: 2025-06-30 05:30:27,758: download_one() 'Wallhaven.cc: Queue populated with 12 URLs'
INFO: 2025-06-30 05:30:27,758: download_queue_item() 'Wallpaper URL: https://wallhaven.cc/w/lmzgoy'
INFO: 2025-06-30 05:30:27,758: download_queue_item() 'Image src URL: https://w.wallhaven.cc/full/lm/wallhaven-lmzgoy.png'
INFO: 2025-06-30 05:30:27,879: save_locally() 'Origin URL: https://wallhaven.cc/w/lmzgoy'
INFO: 2025-06-30 05:30:27,879: save_locally() 'Image URL: https://w.wallhaven.cc/full/lm/wallhaven-lmzgoy.png'
INFO: 2025-06-30 05:30:27,879: save_locally() 'Local path: /home/pd0rk1n/.config/variety/Downloaded/wallhaven_space/wallhaven-lmzgoy.png'
INFO: 2025-06-30 05:30:28,233: save_locally() 'Download complete'
INFO: 2025-06-30 05:30:28,234: update_indicator() 'Setting file info to: /home/pd0rk1n/.config/variety/Downloaded/wallhaven_simple/wallhaven-d6z96o.jpg'
INFO: 2025-06-30 05:30:28,235: list_files() 'More than 1 files in the folders, stop listing'
INFO: 2025-06-30 05:30:28,236: download_one_from() 'Adding downloaded file /home/pd0rk1n/.config/variety/Downloaded/wallhaven_space/wallhaven-lmzgoy.png to unseen_downloads'
INFO: 2025-06-30 05:31:00,973: clock_thread_method() 'clock_thread updates wallpaper'
INFO: 2025-06-30 05:31:00,974: do_set_wp() 'Calling do_set_wp with /home/pd0rk1n/.config/variety/Downloaded/wallhaven_space/wallhaven-eyykro.jpg, time: 1751275860.9742215'
INFO: 2025-06-30 05:31:00,974: apply_auto_rotate() 'ImageMagick auto-rotate cmd: convert /home/pd0rk1n/.config/variety/Downloaded/wallhaven_space/wallhaven-eyykro.jpg -auto-orient /home/pd0rk1n/.config/variety/wallpaper/wallpaper-auto-rotated-0909f7c051e183d1df7d0e74c4d84e73.jpg'
INFO: 2025-06-30 05:31:01,595: compute_trimmed_offsets() 'Trimmed offsets debug info: w:1920, h:1080, ratio:1.777778, iw:3840, ih:2160, scw:1920, sch:1080, ho:0, vo:0'
INFO: 2025-06-30 05:31:01,595: build_imagemagick_clock_cmd() 'Applying clock filter: -density 100 -font `fc-match -f '%{file[0]}' 'Serif:70'` -pointsize 70 -gravity SouthEast -fill '#00000044' -annotate 0x0+58+108 '05:31' -fill white -annotate 0x0+60+110 '05:31' -font `fc-match -f '%{file[0]}' 'Serif:30'` -pointsize 30 -fill '#00000044' -annotate 0x0+58+58 'Monday, June 30' -fill white -annotate 0x0+60+60 'Monday, June 30''
INFO: 2025-06-30 05:31:01,595: build_imagemagick_clock_cmd() 'ImageMagick clock cmd: convert /home/pd0rk1n/.config/variety/wallpaper/wallpaper-auto-rotated-0909f7c051e183d1df7d0e74c4d84e73.jpg -scale 1920x1080^ -density 100 -font `fc-match -f '%{file[0]}' 'Serif:70'` -pointsize 70 -gravity SouthEast -fill '#00000044' -annotate 0x0+58+108 '05:31' -fill white -annotate 0x0+60+110 '05:31' -font `fc-match -f '%{file[0]}' 'Serif:30'` -pointsize 30 -fill '#00000044' -annotate 0x0+58+58 'Monday, June 30' -fill white -annotate 0x0+60+60 'Monday, June 30' /home/pd0rk1n/.config/variety/wallpaper/wallpaper-clock-7cd2ebed9a1905052d80790100a2fab7.jpg'
INFO: 2025-06-30 05:31:02,134: update_indicator() 'Setting file info to: /home/pd0rk1n/.config/variety/Downloaded/wallhaven_space/wallhaven-eyykro.jpg'
INFO: 2025-06-30 05:31:02,136: list_files() 'More than 1 files in the folders, stop listing'
INFO: 2025-06-30 05:32:00,982: clock_thread_method() 'clock_thread updates wallpaper'
INFO: 2025-06-30 05:32:00,983: do_set_wp() 'Calling do_set_wp with /home/pd0rk1n/.config/variety/Downloaded/wallhaven_space/wallhaven-eyykro.jpg, time: 1751275920.9831426'
INFO: 2025-06-30 05:32:00,983: apply_auto_rotate() 'ImageMagick auto-rotate cmd: convert /home/pd0rk1n/.config/variety/Downloaded/wallhaven_space/wallhaven-eyykro.jpg -auto-orient /home/pd0rk1n/.config/variety/wallpaper/wallpaper-auto-rotated-612317c744b67e98ac18967c0ed55462.jpg'
INFO: 2025-06-30 05:32:01,603: compute_trimmed_offsets() 'Trimmed offsets debug info: w:1920, h:1080, ratio:1.777778, iw:3840, ih:2160, scw:1920, sch:1080, ho:0, vo:0'
INFO: 2025-06-30 05:32:01,603: build_imagemagick_clock_cmd() 'Applying clock filter: -density 100 -font `fc-match -f '%{file[0]}' 'Serif:70'` -pointsize 70 -gravity SouthEast -fill '#00000044' -annotate 0x0+58+108 '05:32' -fill white -annotate 0x0+60+110 '05:32' -font `fc-match -f '%{file[0]}' 'Serif:30'` -pointsize 30 -fill '#00000044' -annotate 0x0+58+58 'Monday, June 30' -fill white -annotate 0x0+60+60 'Monday, June 30''
INFO: 2025-06-30 05:32:01,603: build_imagemagick_clock_cmd() 'ImageMagick clock cmd: convert /home/pd0rk1n/.config/variety/wallpaper/wallpaper-auto-rotated-612317c744b67e98ac18967c0ed55462.jpg -scale 1920x1080^ -density 100 -font `fc-match -f '%{file[0]}' 'Serif:70'` -pointsize 70 -gravity SouthEast -fill '#00000044' -annotate 0x0+58+108 '05:32' -fill white -annotate 0x0+60+110 '05:32' -font `fc-match -f '%{file[0]}' 'Serif:30'` -pointsize 30 -fill '#00000044' -annotate 0x0+58+58 'Monday, June 30' -fill white -annotate 0x0+60+60 'Monday, June 30' /home/pd0rk1n/.config/variety/wallpaper/wallpaper-clock-ff9553215fa89114809e6fa5c3cdf170.jpg'
INFO: 2025-06-30 05:32:02,142: update_indicator() 'Setting file info to: /home/pd0rk1n/.config/variety/Downloaded/wallhaven_space/wallhaven-eyykro.jpg'
INFO: 2025-06-30 05:32:02,144: list_files() 'More than 1 files in the folders, stop listing'
INFO: 2025-06-30 05:33:00,991: clock_thread_method() 'clock_thread updates wallpaper'
INFO: 2025-06-30 05:33:00,991: do_set_wp() 'Calling do_set_wp with /home/pd0rk1n/.config/variety/Downloaded/wallhaven_space/wallhaven-eyykro.jpg, time: 1751275980.9915469'
INFO: 2025-06-30 05:33:00,991: apply_auto_rotate() 'ImageMagick auto-rotate cmd: convert /home/pd0rk1n/.config/variety/Downloaded/wallhaven_space/wallhaven-eyykro.jpg -auto-orient /home/pd0rk1n/.config/variety/wallpaper/wallpaper-auto-rotated-0e7d36f000ad0b356861916b723dcc20.jpg'
INFO: 2025-06-30 05:33:01,613: compute_trimmed_offsets() 'Trimmed offsets debug info: w:1920, h:1080, ratio:1.777778, iw:3840, ih:2160, scw:1920, sch:1080, ho:0, vo:0'
INFO: 2025-06-30 05:33:01,613: build_imagemagick_clock_cmd() 'Applying clock filter: -density 100 -font `fc-match -f '%{file[0]}' 'Serif:70'` -pointsize 70 -gravity SouthEast -fill '#00000044' -annotate 0x0+58+108 '05:33' -fill white -annotate 0x0+60+110 '05:33' -font `fc-match -f '%{file[0]}' 'Serif:30'` -pointsize 30 -fill '#00000044' -annotate 0x0+58+58 'Monday, June 30' -fill white -annotate 0x0+60+60 'Monday, June 30''
INFO: 2025-06-30 05:33:01,613: build_imagemagick_clock_cmd() 'ImageMagick clock cmd: convert /home/pd0rk1n/.config/variety/wallpaper/wallpaper-auto-rotated-0e7d36f000ad0b356861916b723dcc20.jpg -scale 1920x1080^ -density 100 -font `fc-match -f '%{file[0]}' 'Serif:70'` -pointsize 70 -gravity SouthEast -fill '#00000044' -annotate 0x0+58+108 '05:33' -fill white -annotate 0x0+60+110 '05:33' -font `fc-match -f '%{file[0]}' 'Serif:30'` -pointsize 30 -fill '#00000044' -annotate 0x0+58+58 'Monday, June 30' -fill white -annotate 0x0+60+60 'Monday, June 30' /home/pd0rk1n/.config/variety/wallpaper/wallpaper-clock-8bd0d237d3ff97c1931cdd75e9f15b85.jpg'
INFO: 2025-06-30 05:33:02,152: update_indicator() 'Setting file info to: /home/pd0rk1n/.config/variety/Downloaded/wallhaven_space/wallhaven-eyykro.jpg'
INFO: 2025-06-30 05:33:02,154: list_files() 'More than 1 files in the folders, stop listing'
INFO: 2025-06-30 05:34:01,001: clock_thread_method() 'clock_thread updates wallpaper'
INFO: 2025-06-30 05:34:01,001: do_set_wp() 'Calling do_set_wp with /home/pd0rk1n/.config/variety/Downloaded/wallhaven_space/wallhaven-eyykro.jpg, time: 1751276041.001391'
INFO: 2025-06-30 05:34:01,001: apply_auto_rotate() 'ImageMagick auto-rotate cmd: convert /home/pd0rk1n/.config/variety/Downloaded/wallhaven_space/wallhaven-eyykro.jpg -auto-orient /home/pd0rk1n/.config/variety/wallpaper/wallpaper-auto-rotated-2b2c7e302b1b25ebfffe8735ca57f647.jpg'
INFO: 2025-06-30 05:34:01,626: compute_trimmed_offsets() 'Trimmed offsets debug info: w:1920, h:1080, ratio:1.777778, iw:3840, ih:2160, scw:1920, sch:1080, ho:0, vo:0'
INFO: 2025-06-30 05:34:01,626: build_imagemagick_clock_cmd() 'Applying clock filter: -density 100 -font `fc-match -f '%{file[0]}' 'Serif:70'` -pointsize 70 -gravity SouthEast -fill '#00000044' -annotate 0x0+58+108 '05:34' -fill white -annotate 0x0+60+110 '05:34' -font `fc-match -f '%{file[0]}' 'Serif:30'` -pointsize 30 -fill '#00000044' -annotate 0x0+58+58 'Monday, June 30' -fill white -annotate 0x0+60+60 'Monday, June 30''
INFO: 2025-06-30 05:34:01,626: build_imagemagick_clock_cmd() 'ImageMagick clock cmd: convert /home/pd0rk1n/.config/variety/wallpaper/wallpaper-auto-rotated-2b2c7e302b1b25ebfffe8735ca57f647.jpg -scale 1920x1080^ -density 100 -font `fc-match -f '%{file[0]}' 'Serif:70'` -pointsize 70 -gravity SouthEast -fill '#00000044' -annotate 0x0+58+108 '05:34' -fill white -annotate 0x0+60+110 '05:34' -font `fc-match -f '%{file[0]}' 'Serif:30'` -pointsize 30 -fill '#00000044' -annotate 0x0+58+58 'Monday, June 30' -fill white -annotate 0x0+60+60 'Monday, June 30' /home/pd0rk1n/.config/variety/wallpaper/wallpaper-clock-08aa2bab06f119b766061164a92595fb.jpg'
INFO: 2025-06-30 05:34:02,165: update_indicator() 'Setting file info to: /home/pd0rk1n/.config/variety/Downloaded/wallhaven_space/wallhaven-eyykro.jpg'
INFO: 2025-06-30 05:34:02,167: list_files() 'More than 1 files in the folders, stop listing'
INFO: 2025-06-30 05:35:00,008: clock_thread_method() 'clock_thread updates wallpaper'
INFO: 2025-06-30 05:35:00,009: do_set_wp() 'Calling do_set_wp with /home/pd0rk1n/.config/variety/Downloaded/wallhaven_space/wallhaven-eyykro.jpg, time: 1751276100.0092072'
INFO: 2025-06-30 05:35:00,009: apply_auto_rotate() 'ImageMagick auto-rotate cmd: convert /home/pd0rk1n/.config/variety/Downloaded/wallhaven_space/wallhaven-eyykro.jpg -auto-orient /home/pd0rk1n/.config/variety/wallpaper/wallpaper-auto-rotated-d96c665b817ec1b8d8c45261c962c835.jpg'
INFO: 2025-06-30 05:35:00,632: compute_trimmed_offsets() 'Trimmed offsets debug info: w:1920, h:1080, ratio:1.777778, iw:3840, ih:2160, scw:1920, sch:1080, ho:0, vo:0'
INFO: 2025-06-30 05:35:00,632: build_imagemagick_clock_cmd() 'Applying clock filter: -density 100 -font `fc-match -f '%{file[0]}' 'Serif:70'` -pointsize 70 -gravity SouthEast -fill '#00000044' -annotate 0x0+58+108 '05:35' -fill white -annotate 0x0+60+110 '05:35' -font `fc-match -f '%{file[0]}' 'Serif:30'` -pointsize 30 -fill '#00000044' -annotate 0x0+58+58 'Monday, June 30' -fill white -annotate 0x0+60+60 'Monday, June 30''
INFO: 2025-06-30 05:35:00,632: build_imagemagick_clock_cmd() 'ImageMagick clock cmd: convert /home/pd0rk1n/.config/variety/wallpaper/wallpaper-auto-rotated-d96c665b817ec1b8d8c45261c962c835.jpg -scale 1920x1080^ -density 100 -font `fc-match -f '%{file[0]}' 'Serif:70'` -pointsize 70 -gravity SouthEast -fill '#00000044' -annotate 0x0+58+108 '05:35' -fill white -annotate 0x0+60+110 '05:35' -font `fc-match -f '%{file[0]}' 'Serif:30'` -pointsize 30 -fill '#00000044' -annotate 0x0+58+58 'Monday, June 30' -fill white -annotate 0x0+60+60 'Monday, June 30' /home/pd0rk1n/.config/variety/wallpaper/wallpaper-clock-c150fae39ebd17c4bc042a3023620830.jpg'
INFO: 2025-06-30 05:35:01,175: update_indicator() 'Setting file info to: /home/pd0rk1n/.config/variety/Downloaded/wallhaven_space/wallhaven-eyykro.jpg'
INFO: 2025-06-30 05:35:01,177: list_files() 'More than 1 files in the folders, stop listing'
